DIVISION_FN,GRUPO_FN,META,FINALIDAD,UNIDAD_MEDIDA,CANT_META_SEM,AVAN_FISICO_SEM,SEC_FUNC,DEPARTAMENTO,PROVINCIA,DISTRITO,CATEGORIA_GASTO,GENERICA,SUBGENERICA,SUBGENERICA_DET,ESPECIFICA,ESPECIFICA_DET,MTO_PIA
6,8,6,888,248,6,6,9,50,19,9,5,3,2,6,3,99,0
6,8,20,888,248,6,6,23,23,1,99,5,3,2,1,2,2,805
51,114,4,235454,43,16,16,41,10,19,9,5,3,2,8,1,10,0
6,8,1,888,60,6,6,4,15,1,1,5,3,2,6,3,2,0
6,8,7,888,248,6,6,10,50,69,9,5,3,2,7,11,99,8816
51,114,19,235454,43,2,2,56,17,1,99,5,3,2,8,1,4,1200
51,114,4,235454,43,16,16,41,10,19,9,5,3,1,3,1,3,1779
51,114,11,235454,43,63,63,48,80,19,9,5,3,2,8,1,4,31800
6,8,10,888,248,6,6,13,90,19,9,5,3,2,1,2,99,3910
51,114,7,235454,43,17,17,44,40,19,9,5,3,1,5,3,1,45088
6,8,5,888,248,6,6,8,40,19,9,5,3,1,3,1,1,160
51,114,6,235454,43,36,36,43,30,19,9,5,3,2,2,1,2,0
6,8,17,888,248,6,6,20,20,1,99,5,3,1,1,1,1,2165
51,114,7,235454,43,17,17,44,40,19,9,5,3,2,7,11,2,0
51,114,8,235454,43,32,32,45,50,10,1,5,3,2,6,3,4,17771
51,114,7,235454,43,17,17,44,40,19,9,5,3,2,6,3,4,9441
6,8,16,888,248,6,6,19,19,1,99,5,3,2,7,11,2,2300
51,114,23,235454,43,61,61,60,21,1,99,5,3,2,2,1,1,192697
51,114,15,235454,43,10,10,52,13,1,1,5,3,2,8,1,4,4200
51,114,22,235454,43,12,12,59,20,1,99,5,3,2,8,1,10,0
51,114,23,235454,43,61,61,60,21,1,99,5,3,2,4,2,1,418000
51,114,4,235454,43,16,16,41,10,19,9,5,3,2,4,5,1,6980
51,114,25,235454,43,4,4,62,23,1,99,5,3,1,3,1,2,855
6,8,3,888,248,6,6,6,20,19,9,5,3,2,8,1,4,600
51,114,18,417290,96,0,0,78,21,2,10,6,5,2,2,1,99,0
6,8,12,888,248,6,6,15,12,1,99,5,3,2,5,1,1,30500
51,114,5,235454,43,18,19,42,20,19,9,5,3,2,7,11,2,0
51,114,7,235454,43,17,17,44,40,19,9,5,3,2,4,5,1,15580
51,114,1,367091,96,0,0,29,10,6,4,6,5,2,2,1,99,156811
51,114,12,235454,43,51,51,49,90,19,9,5,3,2,2,1,1,115294
6,8,13,888,248,6,6,16,13,1,99,5,3,2,2,2,3,121346
51,114,16,235454,43,1,1,53,14,1,99,5,3,1,2,1,1,0
51,114,14,235454,43,26,26,51,12,1,1,5,3,2,8,1,10,0
51,114,20,235454,43,2,2,57,18,1,99,5,3,1,99,1,99,145
6,8,22,72183,60,6,6,25,15,1,1,5,3,2,8,1,4,1800
6,8,12,888,248,6,6,15,12,1,99,5,3,1,99,1,99,11039
51,114,7,235454,43,17,17,44,40,19,9,5,3,2,6,3,3,3240
51,114,4,235454,43,16,16,41,10,19,9,5,3,2,6,3,99,16213
51,114,27,235455,60,6,6,64,15,1,1,5,3,2,8,1,10,0
51,114,23,235454,43,61,61,60,21,1,99,5,3,1,8,1,99,233
51,114,22,235454,43,12,12,59,20,1,99,5,3,1,7,1,1,7249
51,114,19,235454,43,2,2,56,17,1,99,5,3,2,8,1,2,4666
6,8,21,888,248,6,6,24,25,1,99,5,3,2,2,2,1,0
6,8,1,888,60,6,6,4,15,1,1,5,3,1,1,1,1,875
6,8,20,888,248,6,6,23,23,1,99,5,3,2,5,1,1,24000
51,114,19,235454,43,2,2,56,17,1,99,5,3,2,2,2,1,1140
51,114,26,235454,43,6,6,63,25,1,99,5,3,1,3,1,3,553
51,114,13,235454,43,41,41,50,10,1,1,5,3,2,8,1,5,0
51,114,10,235454,43,20,20,47,60,19,9,5,3,1,8,1,99,191
6,8,10,888,248,6,6,13,90,19,9,5,3,2,5,1,1,3990
6,8,17,888,248,6,6,20,20,1,99,5,3,2,1,2,99,4178
6,8,1,888,60,6,6,4,15,1,1,5,3,2,9,1,1,1178750
6,8,1,888,60,6,6,4,15,1,1,5,3,2,7,11,6,11671
6,8,1,888,60,6,6,4,15,1,1,5,3,2,7,11,2,7659
51,114,26,235454,43,6,6,63,25,1,99,5,3,2,4,7,1,0
51,114,9,235454,43,19,19,46,50,60,1,5,3,1,3,1,2,813
51,114,16,235454,43,1,1,53,14,1,99,5,3,1,3,1,3,68
51,114,23,235454,43,61,61,60,21,1,99,5,3,2,6,3,99,55437
51,114,11,235454,43,63,63,48,80,19,9,5,3,1,5,1,2,97611
51,114,24,235454,43,4,4,61,22,1,99,5,3,2,6,3,4,2221
6,8,10,888,248,6,6,13,90,19,9,5,3,1,2,1,1,0
51,114,26,235454,43,6,6,63,25,1,99,5,3,2,4,5,1,9010
6,8,15,888,248,6,6,18,17,1,99,5,3,1,99,1,99,920
51,114,18,235454,43,38,40,55,16,1,99,5,3,2,4,2,1,346379
6,8,19,888,248,6,6,22,22,1,99,5,3,2,9,1,1,22998
6,8,13,888,248,6,6,16,13,1,99,5,3,2,7,11,99,16252
6,8,19,888,248,6,6,22,22,1,99,5,3,2,7,11,99,4600
6,8,8,888,248,6,6,11,60,19,9,5,3,2,1,2,2,1702
51,114,25,235454,43,4,4,62,23,1,99,5,3,2,8,1,2,6999
6,8,9,888,248,6,6,12,80,19,9,5,3,2,1,2,1,200
51,114,24,235454,43,4,4,61,22,1,99,5,3,1,3,1,3,0
6,8,11,888,248,6,6,14,10,1,99,5,3,2,2,3,1,2768
51,114,3,235453,152,0,0,40,15,1,1,5,3,2,8,1,10,0
6,8,3,888,248,6,6,6,20,19,9,5,3,2,1,2,2,460
6,8,20,888,248,6,6,23,23,1,99,5,3,2,8,1,2,2333
6,8,7,888,248,6,6,10,50,69,9,5,3,1,2,1,1,0
6,8,13,888,248,6,6,16,13,1,99,5,3,1,8,1,99,51
6,8,18,888,248,6,6,21,21,1,99,5,3,2,7,11,2,46763
51,114,15,235454,43,10,10,52,13,1,1,5,3,2,9,1,1,251106
51,114,21,235454,43,9,9,58,19,1,99,5,3,2,7,11,2,0
6,8,13,888,248,6,6,16,13,1,99,5,3,2,9,1,1,74514
51,114,5,235454,43,18,19,42,20,19,9,5,3,1,2,1,2,14050
51,114,4,235454,43,16,16,41,10,19,9,5,3,1,5,3,1,40047
6,8,19,888,248,6,6,22,22,1,99,5,3,1,5,1,2,718
6,8,17,888,248,6,6,20,20,1,99,5,3,2,2,1,1,1713
6,8,13,888,248,6,6,16,13,1,99,5,3,2,8,1,10,0
51,114,25,235454,43,4,4,62,23,1,99,5,3,2,4,7,1,1302
6,8,9,888,248,6,6,12,80,19,9,5,3,2,8,1,4,600
51,114,11,235454,43,63,63,48,80,19,9,5,3,2,6,3,2,12302
6,8,20,888,248,6,6,23,23,1,99,5,3,2,2,1,1,976
6,8,14,888,248,6,6,17,16,1,99,5,3,2,9,1,1,112230
51,114,4,235454,43,16,16,41,10,19,9,5,3,2,2,2,3,124583
51,114,14,235454,43,26,26,51,12,1,1,5,3,2,7,11,2,0
6,8,4,888,248,6,6,7,30,19,9,5,3,2,8,1,2,4666
51,114,9,235454,43,19,19,46,50,60,1,5,3,1,6,1,4,0
6,8,7,888,248,6,6,10,50,69,9,5,3,2,8,1,4,0
51,114,7,235454,43,17,17,44,40,19,9,5,3,2,6,3,2,6461
51,114,12,367089,96,0,0,67,16,2,6,6,5,2,2,1,99,0
51,114,25,235454,43,4,4,62,23,1,99,5,3,1,3,1,1,9608
51,114,10,235454,43,20,20,47,60,19,9,5,3,1,99,1,99,2345
6,8,7,888,248,6,6,10,50,69,9,5,3,2,6,3,99,0
6,8,2,888,248,6,6,5,10,19,9,5,3,1,5,3,1,1100
6,8,6,888,248,6,6,9,50,19,9,5,3,2,9,1,1,80033
51,114,13,235454,43,41,41,50,10,1,1,5,3,2,4,2,1,156000
6,8,22,72183,60,6,6,25,15,1,1,5,3,2,8,1,5,0
51,114,11,235454,43,63,63,48,80,19,9,5,3,2,8,1,1,1944000
6,8,16,888,248,6,6,19,19,1,99,5,3,2,5,1,1,33600
51,114,22,235454,43,12,12,59,20,1,99,5,3,1,2,1,1,0
6,11,1,53571,60,6,6,28,15,1,1,5,3,1,5,1,2,900
6,8,3,888,248,6,6,6,20,19,9,5,3,2,6,1,2,153
51,114,27,235455,60,6,6,64,15,1,1,5,3,2,8,1,4,13200
6,8,3,888,248,6,6,6,20,19,9,5,3,1,99,1,99,1725
51,114,8,235454,43,32,32,45,50,10,1,5,3,2,7,5,8,0
6,8,8,888,248,6,6,11,60,19,9,5,3,1,5,3,1,1719
51,114,20,235454,43,2,2,57,18,1,99,5,3,1,3,1,3,82
51,114,23,235454,43,61,61,60,21,1,99,5,3,2,7,5,10,0
51,114,22,235454,43,12,12,59,20,1,99,5,3,2,8,1,4,4800
6,8,11,888,248,6,6,14,10,1,99,5,3,1,2,1,1,552
6,8,1,888,60,6,6,4,15,1,1,5,3,2,6,3,99,170000
51,114,16,235454,43,1,1,53,14,1,99,5,3,2,4,2,1,3000
6,8,1,888,60,6,6,4,15,1,1,5,3,1,5,4,1,0
51,114,18,235454,43,38,40,55,16,1,99,5,3,2,6,3,4,19992
6,8,10,888,248,6,6,13,90,19,9,5,3,2,7,11,99,6669
6,8,2,888,248,6,6,5,10,19,9,5,3,1,1,1,1,1073
51,114,17,235454,43,1,1,54,15,3,3,5,3,2,7,11,99,945
51,114,3,235453,152,0,0,40,15,1,1,5,3,2,1,2,2,172782
51,114,25,235454,43,4,4,62,23,1,99,5,3,2,6,3,4,2221
51,114,1,222334,152,40890,61303,38,15,1,99,5,3,1,2,1,2,0
51,114,13,235454,43,41,41,50,10,1,1,5,3,2,6,3,99,61826
6,7,1,17,60,6,6,3,15,1,1,5,3,2,8,1,5,0
51,114,10,235454,43,20,20,47,60,19,9,5,3,1,5,1,2,30988
51,114,26,235454,43,6,6,63,25,1,99,5,3,2,6,3,4,3332
51,114,16,235454,43,1,1,53,14,1,99,5,3,2,6,3,99,1829
6,8,6,888,248,6,6,9,50,19,9,5,3,2,7,11,2,1917
51,114,21,235454,43,9,9,58,19,1,99,5,3,2,8,1,1,324000
6,8,17,888,248,6,6,20,20,1,99,5,3,2,8,1,10,0
51,114,17,235454,43,1,1,54,15,3,3,5,3,2,2,2,1,0
6,8,1,40624,60,6,6,27,15,1,1,5,3,2,1,2,1,700
51,114,12,235454,43,51,51,49,90,19,9,5,3,2,4,5,1,28829
51,114,10,390719,96,0,0,65,13,9,5,6,5,2,2,1,99,0
6,8,14,888,248,6,6,17,16,1,99,5,3,1,5,3,1,2253
51,114,13,235454,43,41,41,50,10,1,1,5,3,1,5,3,1,84192
51,114,23,235454,43,61,61,60,21,1,99,5,3,2,6,3,4,33875
51,114,6,235454,43,36,36,43,30,19,9,5,3,1,3,1,3,1971
51,114,20,235454,43,2,2,57,18,1,99,5,3,1,2,1,1,0
51,114,11,235454,43,63,63,48,80,19,9,5,3,2,4,5,1,41248
6,8,15,888,248,6,6,18,17,1,99,5,3,2,1,2,99,129
51,114,18,235454,43,38,40,55,16,1,99,5,3,1,5,1,2,55778
6,8,10,888,248,6,6,13,90,19,9,5,3,2,9,1,1,184905
51,114,5,235454,43,18,19,42,20,19,9,5,3,2,2,1,2,0
6,8,15,888,248,6,6,18,17,1,99,5,3,1,5,1,2,25329
51,114,9,235454,43,19,19,46,50,60,1,5,3,2,6,3,3,5987
51,114,19,235454,43,2,2,56,17,1,99,5,3,2,7,11,2,0
6,8,23,88314,248,6,6,26,15,1,1,5,3,2,2,2,3,44171
51,114,10,235454,43,20,20,47,60,19,9,5,3,2,6,3,99,20440
51,114,5,235454,43,18,19,42,20,19,9,5,3,2,6,3,3,2155
6,8,12,888,248,6,6,15,12,1,99,5,3,1,2,1,1,361
6,8,17,888,248,6,6,20,20,1,99,5,3,2,7,11,2,6452
6,8,6,888,248,6,6,9,50,19,9,5,3,2,1,2,2,767
51,114,20,235454,43,2,2,57,18,1,99,5,3,2,6,3,4,1111
51,114,13,235454,43,41,41,50,10,1,1,5,3,2,9,1,1,1008457
6,8,12,888,248,6,6,15,12,1,99,5,3,1,1,1,1,1533
51,114,8,235454,43,32,32,45,50,10,1,5,3,2,6,3,2,0
51,114,14,235454,43,26,26,51,12,1,1,5,3,2,6,3,4,14439
6,8,18,888,248,6,6,21,21,1,99,5,3,2,5,1,1,35300
51,114,24,235454,43,4,4,61,22,1,99,5,3,1,2,1,1,1448
6,8,20,888,248,6,6,23,23,1,99,5,3,2,2,2,3,121346
51,114,23,235454,43,61,61,60,21,1,99,5,3,2,7,11,99,50788
51,114,12,235454,43,51,51,49,90,19,9,5,3,2,8,1,5,0
6,8,14,888,248,0,0,17,16,1,99,5,3,2,7,11,5,0
6,8,1,40624,60,0,0,27,15,1,1,5,3,2,7,5,10,0
6,8,21,888,248,0,0,24,25,1,99,5,3,2,2,1,2,200
6,8,20,888,248,0,0,23,23,1,99,5,3,1,8,2,1,161
6,8,13,888,248,0,0,16,13,1,99,5,3,2,4,7,1,78
6,8,10,888,248,0,0,13,90,19,9,5,3,2,4,7,1,2683
6,8,5,888,248,0,0,8,40,19,9,5,3,2,4,7,1,1917
6,8,6,888,248,0,0,9,50,19,9,5,3,2,2,2,2,1496
51,114,25,235454,43,0,0,62,23,1,99,5,3,2,7,11,99,6424
51,114,26,235454,43,0,0,63,25,1,99,5,3,1,2,1,2,3847
51,114,15,235454,43,0,0,52,13,1,1,5,3,1,8,1,2,50
51,114,14,235454,43,0,0,51,12,1,1,5,3,1,8,1,2,531
51,114,7,235454,43,0,0,44,40,19,9,5,3,2,4,7,1,1082
51,114,15,235454,43,0,0,52,13,1,1,5,3,2,2,2,1,5700
51,114,13,235454,43,0,0,50,10,1,1,5,3,1,5,3,2,4995
51,114,10,235454,43,0,0,47,60,19,9,5,3,1,8,2,1,3022
51,114,10,235454,43,0,0,47,60,19,9,5,3,1,8,1,2,269
51,114,5,235454,43,0,0,42,20,19,9,5,3,2,7,11,99,13715
6,8,20,888,248,0,0,23,23,1,99,5,3,2,4,7,1,2568
51,114,26,235454,43,0,0,63,25,1,99,5,3,2,2,2,1,5794
51,114,7,235454,43,0,0,44,40,19,9,5,3,1,5,4,1,7380
51,114,9,235454,43,0,0,46,50,60,1,5,3,2,7,11,99,13259
51,114,8,235454,43,0,0,45,50,10,1,5,3,2,7,11,99,34303
51,114,8,235454,43,0,0,45,50,10,1,5,3,1,5,4,1,18291
51,114,24,235454,43,0,0,61,22,1,99,5,3,1,8,2,1,604
51,114,17,235454,43,1,1,54,15,3,3,5,3,1,99,1,99,0
51,114,16,235454,43,1,1,53,14,1,99,5,3,1,2,1,2,179
6,8,20,888,248,6,6,23,23,1,99,5,3,1,5,1,2,1798
6,8,7,888,248,6,6,10,50,69,9,5,3,2,2,3,1,575
6,8,6,888,248,6,6,9,50,19,9,5,3,2,6,2,99,230
51,114,10,235454,43,20,20,47,60,19,9,5,3,2,7,11,99,39495
51,114,21,235454,43,9,9,58,19,1,99,5,3,1,99,1,99,0
6,11,1,53571,60,6,6,28,15,1,1,5,3,2,8,1,4,4200
51,114,24,235454,43,4,4,61,22,1,99,5,3,2,6,3,3,720
51,114,17,235454,43,1,1,54,15,3,3,5,3,2,4,2,1,4000
6,8,1,40624,60,6,6,27,15,1,1,5,3,2,8,1,5,0
51,114,4,235454,43,16,16,41,10,19,9,5,3,2,6,3,3,1260
6,8,18,888,248,6,6,21,21,1,99,5,3,2,1,2,2,1012
51,114,16,235454,43,1,1,53,14,1,99,5,3,1,3,1,1,4320
6,8,14,888,248,6,6,17,16,1,99,5,3,1,5,1,2,3887
6,8,5,888,248,6,6,8,40,19,9,5,3,2,8,1,5,0
4,5,1,220270,60,6,6,2,15,1,1,5,3,2,8,1,5,0
6,8,5,888,248,6,6,8,40,19,9,5,3,2,8,1,4,600
6,8,1,888,60,6,6,4,15,1,1,5,3,2,1,2,2,1444
51,114,25,235454,43,4,4,62,23,1,99,5,3,2,8,1,5,0
6,8,22,72183,60,6,6,25,15,1,1,5,3,2,1,2,2,16806
51,114,9,235454,43,19,19,46,50,60,1,5,3,2,6,3,4,10551
6,8,11,888,248,6,6,14,10,1,99,5,3,2,8,1,1,108000
16,35,1,160798,86,11500,12429,1,15,1,1,5,3,1,5,1,2,15000
6,8,23,88314,248,6,6,26,15,1,1,5,3,2,8,1,4,3600
51,114,15,235454,43,10,10,52,13,1,1,5,3,2,8,1,10,0
6,8,7,888,248,6,6,10,50,69,9,5,3,2,9,1,1,80033
6,8,3,888,248,6,6,6,20,19,9,5,3,2,2,1,1,732
6,8,1,888,60,6,6,4,15,1,1,5,3,2,3,1,1,350000
51,114,20,235454,43,2,2,57,18,1,99,5,3,1,5,1,2,3099
6,8,20,888,248,6,6,23,23,1,99,5,3,2,8,1,10,0
51,114,8,235454,43,32,32,45,50,10,1,5,3,2,4,5,1,24022
51,114,9,235454,43,19,19,46,50,60,1,5,3,1,5,3,1,40553
51,114,12,235454,43,51,51,49,90,19,9,5,3,1,2,1,1,5148
51,114,15,235454,43,10,10,52,13,1,1,5,3,2,7,11,99,4036
51,114,14,235454,43,26,26,51,12,1,1,5,3,2,7,11,99,15398
6,8,17,888,248,6,6,20,20,1,99,5,3,1,5,1,2,1985
51,114,14,235454,43,26,26,51,12,1,1,5,3,1,7,1,1,18848
6,8,2,888,248,6,6,5,10,19,9,5,3,2,8,1,4,600
51,114,11,235454,43,63,63,48,80,19,9,5,3,1,5,1,1,15669
6,8,23,88314,248,6,6,26,15,1,1,5,3,2,8,1,1,474000
51,114,20,235454,43,2,2,57,18,1,99,5,3,2,6,3,99,3194
51,114,13,235454,43,41,41,50,10,1,1,5,3,2,2,2,3,0
51,114,15,235454,43,10,10,52,13,1,1,5,3,2,6,3,4,6109
51,114,10,235454,43,20,20,47,60,19,9,5,3,1,3,1,1,44048
6,8,16,888,248,6,6,19,19,1,99,5,3,2,1,2,1,550
4,5,1,220270,60,6,6,2,15,1,1,5,3,2,8,1,1,714000
6,8,11,888,248,6,6,14,10,1,99,5,3,2,7,11,2,27184
51,114,23,235454,43,61,61,60,21,1,99,5,3,2,8,1,10,0
51,114,5,235454,43,18,19,42,20,19,9,5,3,2,2,1,1,51953
51,114,1,222334,152,40890,61303,38,15,1,99,5,3,1,1,1,1,0
51,114,25,235454,43,4,4,62,23,1,99,5,3,2,8,1,4,1800
51,114,8,235454,43,32,32,45,50,10,1,5,3,2,8,1,1,1116000
6,8,14,888,248,6,6,17,16,1,99,5,3,2,1,2,99,1380
6,8,9,888,248,6,6,12,80,19,9,5,3,2,2,2,1,36480
6,8,2,888,248,6,6,5,10,19,9,5,3,2,7,11,2,16099
6,8,4,888,248,6,6,7,30,19,9,5,3,2,1,2,99,1840
6,8,22,72183,60,6,6,25,15,1,1,5,3,2,5,1,4,0
6,8,11,888,248,6,6,14,10,1,99,5,3,2,1,2,1,333
6,8,6,888,248,6,6,9,50,19,9,5,3,2,2,3,1,997
6,8,10,888,248,6,6,13,90,19,9,5,3,2,1,2,1,1100
51,114,15,235454,43,10,10,52,13,1,1,5,3,1,2,1,2,6388
51,114,5,235454,43,18,19,42,20,19,9,5,3,1,5,1,2,29439
6,8,7,888,248,6,6,10,50,69,9,5,3,1,3,1,1,133
51,114,6,235454,43,36,36,43,30,19,9,5,3,2,7,11,99,28372
51,114,14,235454,43,26,26,51,12,1,1,5,3,2,4,5,1,14321
51,114,4,235454,43,16,16,41,10,19,9,6,6,3,2,3,3,0
51,114,26,235454,43,6,6,63,25,1,99,5,3,2,6,3,99,0
51,114,15,235454,43,10,10,52,13,1,1,5,3,2,6,3,2,4403
6,8,8,888,248,6,6,11,60,19,9,5,3,1,1,1,1,1840
6,11,1,53571,60,6,6,28,15,1,1,5,3,2,8,1,2,16331
51,114,25,235454,43,4,4,62,23,1,99,5,3,1,5,3,1,16221
6,8,17,888,248,6,6,20,20,1,99,5,3,1,99,1,99,11112
6,8,1,888,60,6,6,4,15,1,1,5,3,2,8,1,5,0
51,114,14,235454,43,26,26,51,12,1,1,5,3,2,6,3,3,8640
51,114,21,235454,43,9,9,58,19,1,99,5,3,1,3,1,1,17383
6,8,4,888,248,6,6,7,30,19,9,5,3,2,6,3,99,0
51,114,7,235454,43,17,17,44,40,19,9,5,3,2,7,11,99,16178
51,114,1,222334,152,40890,61303,38,15,1,99,5,3,2,7,11,6,12215
51,114,10,235454,43,20,20,47,60,19,9,5,3,1,2,1,2,17699
6,8,6,888,248,6,6,9,50,19,9,5,3,1,1,1,1,698
51,114,1,222334,152,40890,61303,38,15,1,99,5,3,2,1,2,1,158490
51,114,19,235454,43,2,2,56,17,1,99,5,3,1,5,1,2,3099
51,114,4,235454,43,16,16,41,10,19,9,5,3,2,4,2,1,28655
6,8,4,888,248,6,6,7,30,19,9,5,3,1,5,3,1,4300
51,114,5,235454,43,18,19,42,20,19,9,5,3,1,3,1,2,3251
4,5,1,220270,60,6,6,2,15,1,1,5,3,2,1,2,2,4201
51,114,16,235454,43,1,1,53,14,1,99,5,3,2,2,2,1,0
51,114,12,235454,43,51,51,49,90,19,9,5,3,1,7,1,1,36970
6,8,7,888,248,6,6,10,50,69,9,5,3,2,5,1,1,21600
6,8,16,888,248,6,6,19,19,1,99,5,3,2,2,3,1,3642
51,114,21,235454,43,9,9,58,19,1,99,5,3,1,3,1,3,1478
4,5,1,220270,60,6,6,2,15,1,1,5,3,2,8,1,10,0
51,114,10,235454,43,20,20,47,60,19,9,5,3,2,2,2,3,118604
51,114,16,235454,43,1,1,53,14,1,99,5,3,2,2,2,3,10145
6,8,5,888,248,6,6,8,40,19,9,5,3,2,5,1,1,34800
51,114,23,235454,43,61,61,60,21,1,99,5,3,2,4,7,1,1803
6,8,16,888,248,6,6,19,19,1,99,5,3,2,2,1,1,1159
6,8,10,888,248,6,6,13,90,19,9,5,3,2,2,1,1,1708
6,8,16,888,248,6,6,19,19,1,99,5,3,2,8,1,1,108000
51,114,21,235454,43,9,9,58,19,1,99,5,3,2,9,1,1,151269
51,114,20,235454,43,2,2,57,18,1,99,5,3,2,9,1,1,101910
51,114,15,235454,43,10,10,52,13,1,1,5,3,2,8,1,5,0
6,8,20,888,248,6,6,23,23,1,99,5,3,2,6,1,2,50
6,8,2,888,248,6,6,5,10,19,9,5,3,2,2,1,2,200
51,114,16,235454,43,1,1,53,14,1,99,5,3,2,8,1,4,0
51,114,8,235454,43,32,32,45,50,10,1,5,3,2,8,1,2,72323
6,8,1,888,60,6,6,4,15,1,1,5,3,2,2,1,2,36925
51,114,12,235454,43,51,51,49,90,19,9,5,3,2,6,3,99,55405
6,8,9,888,248,6,6,12,80,19,9,5,3,2,8,1,1,108000
51,114,13,235454,43,41,41,50,10,1,1,5,3,1,8,1,99,205
51,114,8,235454,43,32,32,45,50,10,1,5,3,2,7,5,2,0
51,114,18,235454,43,38,40,55,16,1,99,5,3,2,6,3,99,71457
51,114,21,235454,43,9,9,58,19,1,99,5,3,1,5,3,1,24669
6,8,11,888,248,6,6,14,10,1,99,5,3,1,1,1,1,4600
6,8,14,888,248,6,6,17,16,1,99,5,3,2,8,1,4,2400
6,8,17,888,248,6,6,20,20,1,99,5,3,2,2,2,1,0
6,8,11,888,248,6,6,14,10,1,99,5,3,2,8,1,4,600
6,8,6,888,248,6,6,9,50,19,9,5,3,2,2,2,1,0
51,114,6,235454,43,36,36,43,30,19,9,5,3,1,3,1,2,6159
51,114,14,235454,43,26,26,51,12,1,1,5,3,1,5,4,1,22676
51,114,16,235454,43,1,1,53,14,1,99,5,3,2,7,11,2,0
6,8,19,888,248,6,6,22,22,1,99,5,3,2,2,2,1,0
6,8,20,888,248,6,6,23,23,1,99,5,3,2,6,3,99,0
6,8,6,888,248,6,6,9,50,19,9,5,3,1,5,1,2,2216
6,8,21,888,248,6,6,24,25,1,99,5,3,1,2,1,1,168
6,8,14,888,248,6,6,17,16,1,99,5,3,2,2,2,3,121346
51,114,26,235454,43,6,6,63,25,1,99,6,6,3,2,9,3,0
6,8,20,888,248,6,6,23,23,1,99,5,3,2,2,3,1,613
51,114,26,235454,43,6,6,63,25,1,99,5,3,2,8,1,4,1200
51,114,8,235454,43,32,32,45,50,10,1,5,3,1,3,1,3,4388
51,114,19,235454,43,2,2,56,17,1,99,5,3,2,6,3,3,180
6,8,5,888,248,6,6,8,40,19,9,5,3,2,8,1,10,0
51,114,25,235454,43,4,4,62,23,1,99,5,3,1,5,1,2,6198
51,114,20,235454,43,2,2,57,18,1,99,5,3,2,8,1,2,0
51,114,22,235454,43,12,12,59,20,1,99,5,3,2,9,1,1,195641
51,114,25,235454,43,4,4,62,23,1,99,5,3,1,2,1,1,864
51,114,27,235455,60,6,6,64,15,1,1,5,3,2,2,5,1,43765
6,11,1,53571,60,6,6,28,15,1,1,5,3,2,7,5,10,0
6,8,7,888,248,6,6,10,50,69,9,5,3,1,99,1,99,4857
6,8,1,888,60,6,6,4,15,1,1,5,3,2,8,1,4,22800
51,114,12,235454,43,51,51,49,90,19,9,5,3,1,3,1,1,53191
51,114,11,235454,43,63,63,48,80,19,9,5,3,1,5,3,1,138176
6,8,1,888,60,6,6,4,15,1,1,5,3,2,4,5,1,13859
6,8,23,88314,248,6,6,26,15,1,1,5,3,2,2,2,1,0
51,114,25,235454,43,4,4,62,23,1,99,5,3,2,9,1,1,73617
16,35,1,160798,86,11500,12429,1,15,1,1,5,3,2,1,2,1,1040
6,8,5,888,248,6,6,8,40,19,9,5,3,1,5,1,2,2510
51,114,2,367088,96,0,0,30,10,7,2,6,5,2,2,1,99,71227
6,8,9,888,248,6,6,12,80,19,9,5,3,2,2,1,2,1600
6,8,20,888,248,6,6,23,23,1,99,5,3,2,8,1,1,108000
6,8,4,888,248,6,6,7,30,19,9,5,3,2,2,1,2,2280
51,114,5,235454,43,18,19,42,20,19,9,5,3,2,4,7,1,0
6,8,6,888,248,6,6,9,50,19,9,5,3,2,1,2,99,383
51,114,15,235454,43,10,10,52,13,1,1,5,3,1,8,1,99,63
51,114,17,235454,43,1,1,54,15,3,3,5,3,1,5,1,2,1549
51,114,16,235454,43,1,1,53,14,1,99,5,3,2,6,3,2,1158
6,8,15,888,248,0,0,18,17,1,99,5,3,2,2,2,3,13657
51,114,21,235454,43,0,0,58,19,1,99,5,3,1,5,4,1,7153
51,114,10,235454,43,0,0,47,60,19,9,5,3,2,2,2,1,12000
51,114,7,235454,43,0,0,44,40,19,9,5,3,2,2,2,1,23176
6,8,7,888,248,0,0,10,50,69,9,5,3,2,6,1,2,123
6,8,1,888,60,0,0,4,15,1,1,5,3,1,8,2,1,1920
51,114,23,235454,43,0,0,60,21,1,99,5,3,1,99,1,99,6450
51,114,15,235454,43,0,0,52,13,1,1,5,3,1,5,4,1,4669
51,114,14,235454,43,0,0,51,12,1,1,5,3,2,2,2,2,1500
51,114,14,235454,43,0,0,51,12,1,1,5,3,1,8,2,1,3928
51,114,7,235454,43,0,0,44,40,19,9,5,3,1,8,1,2,521
6,8,18,888,248,0,0,21,21,1,99,5,3,1,8,2,1,133
51,114,15,235454,43,0,0,52,13,1,1,5,3,1,8,2,1,1662
51,114,20,235454,43,0,0,57,18,1,99,5,3,2,7,11,99,1027
6,8,4,888,248,0,0,7,30,19,9,5,3,1,8,2,1,97
51,114,24,235454,43,0,0,61,22,1,99,5,3,1,2,1,2,385
51,114,22,235454,43,0,0,59,20,1,99,5,3,1,5,3,2,751
6,8,11,888,248,0,0,14,10,1,99,5,3,1,2,1,2,123
51,114,23,235454,43,0,0,60,21,1,99,5,3,1,7,1,1,44219
6,8,11,888,248,0,0,14,10,1,99,5,3,2,4,7,1,4600
51,114,10,235454,43,0,0,47,60,19,9,5,3,1,5,3,2,6022
51,114,16,235454,43,1,1,53,14,1,99,5,3,2,4,5,1,865
6,8,1,888,60,6,6,4,15,1,1,5,5,4,1,2,1,20559
51,114,14,235454,43,26,26,51,12,1,1,5,3,2,6,3,2,5871
6,11,1,53571,60,6,6,28,15,1,1,5,3,2,9,1,1,533938
6,8,10,888,248,6,6,13,90,19,9,5,3,2,6,3,99,0
6,8,14,888,248,6,6,17,16,1,99,5,3,2,7,11,99,17709
51,114,21,235454,43,9,9,58,19,1,99,5,3,1,6,1,4,0
6,8,3,888,248,6,6,6,20,19,9,5,3,2,2,2,3,121347
6,8,2,888,248,6,6,5,10,19,9,5,3,2,1,2,2,552
6,8,19,888,248,6,6,22,22,1,99,5,3,2,8,1,4,0
6,8,18,888,248,6,6,21,21,1,99,5,3,2,8,1,2,4666
6,8,9,888,248,6,6,12,80,19,9,5,3,2,7,11,99,6095
6,8,13,888,248,6,6,16,13,1,99,5,3,2,1,2,2,6026
51,114,18,235454,43,38,40,55,16,1,99,5,3,2,2,2,3,0
51,114,5,235454,43,18,19,42,20,19,9,5,3,2,8,1,10,0
6,8,19,888,248,6,6,22,22,1,99,5,3,2,1,2,1,200
51,114,20,235454,43,2,2,57,18,1,99,5,3,2,8,1,10,0
6,8,4,888,248,6,6,7,30,19,9,5,3,2,7,11,99,11499
51,114,20,235454,43,2,2,57,18,1,99,5,3,1,5,4,1,248
51,114,12,235454,43,51,51,49,90,19,9,5,3,2,8,1,4,27000
51,114,4,235454,43,16,16,41,10,19,9,5,3,1,7,1,1,10149
51,114,10,235454,43,20,20,47,60,19,9,5,3,2,6,3,2,4403
6,8,8,888,248,6,6,11,60,19,9,5,3,1,5,1,2,3615
51,114,18,235454,43,38,40,55,16,1,99,5,3,2,7,11,99,31377
51,114,12,235454,43,51,51,49,90,19,9,5,3,2,6,3,4,28322
51,114,25,235454,43,4,4,62,23,1,99,5,3,2,6,3,2,2486
6,8,11,888,248,6,6,14,10,1,99,5,3,2,1,2,2,690
6,8,12,888,248,6,6,15,12,1,99,5,3,2,8,1,10,0
6,8,16,888,248,6,6,19,19,1,99,5,3,2,6,2,99,184
51,114,5,235454,43,18,19,42,20,19,9,5,3,2,8,1,1,468000
51,114,25,235454,43,4,4,62,23,1,99,5,3,2,4,2,1,39456
6,8,1,888,60,6,6,4,15,1,1,5,3,2,2,5,1,13130
51,114,14,235454,43,26,26,51,12,1,1,5,3,2,4,2,1,54720
6,8,8,888,248,6,6,11,60,19,9,5,3,2,1,2,99,1878
6,8,16,888,248,6,6,19,19,1,99,5,3,2,4,7,1,2683
51,114,22,235454,43,12,12,59,20,1,99,5,3,2,8,1,2,18664
6,8,3,888,248,6,6,6,20,19,9,5,3,2,2,3,1,1150
6,11,1,53571,60,6,6,28,15,1,1,5,3,2,6,3,4,0
51,114,1,25788,54,1,1,70,21,3,6,6,6,8,1,3,1,0
6,7,1,17,60,6,6,3,15,1,1,5,3,2,8,1,1,928800
6,8,13,888,248,6,6,16,13,1,99,5,3,2,1,2,1,4300
6,8,1,888,60,6,6,4,15,1,1,5,3,2,7,13,5,0
51,114,15,235454,43,10,10,52,13,1,1,5,3,2,4,5,1,40022
4,5,1,220270,60,6,6,2,15,1,1,5,3,2,8,1,4,3600
6,8,23,88314,248,6,6,26,15,1,1,5,3,1,6,1,99,0
6,8,18,888,248,6,6,21,21,1,99,5,3,2,1,2,1,400
6,8,18,888,248,6,6,21,21,1,99,5,3,2,9,1,1,153627
51,114,18,235454,43,38,40,55,16,1,99,5,3,2,7,11,2,0
51,114,25,235454,43,4,4,62,23,1,99,5,3,1,5,1,1,1865
6,8,20,888,248,6,6,23,23,1,99,5,3,2,9,1,1,82793
51,114,23,235454,43,61,61,60,21,1,99,5,3,2,8,1,1,1692000
51,114,15,235454,43,10,10,52,13,1,1,5,3,2,7,11,2,0
51,114,4,235454,43,16,16,41,10,19,9,5,3,1,99,1,99,0
6,8,10,888,248,6,6,13,90,19,9,5,3,2,2,1,2,12440
51,114,21,235454,43,9,9,58,19,1,99,5,3,2,2,1,1,16833
6,8,13,888,248,6,6,16,13,1,99,5,3,2,2,3,1,5251
6,8,9,888,248,6,6,12,80,19,9,5,3,2,8,1,5,0
6,8,20,888,248,6,6,23,23,1,99,5,3,2,2,1,2,470
51,114,21,235454,43,9,9,58,19,1,99,5,3,2,6,3,2,5871
6,8,10,888,248,6,6,13,90,19,9,5,3,2,8,1,5,0
6,8,1,888,60,6,6,4,15,1,1,5,3,2,2,3,1,6128
51,114,8,235454,43,32,32,45,50,10,1,5,3,1,2,1,2,33403
51,114,10,235454,43,20,20,47,60,19,9,5,3,2,6,3,3,2340
51,114,8,235454,43,32,32,45,50,10,1,5,3,2,6,3,3,0
51,114,21,235454,43,9,9,58,19,1,99,5,3,2,6,3,99,7604
6,8,12,888,248,6,6,15,12,1,99,5,3,2,2,3,1,1840
6,8,14,888,248,6,6,17,16,1,99,5,3,2,6,1,2,230
51,114,22,235454,43,12,12,59,20,1,99,5,3,2,6,3,4,5553
51,114,8,235454,43,32,32,45,50,10,1,5,3,1,6,1,4,0
6,8,7,888,248,6,6,10,50,69,9,5,3,2,2,1,1,1220
51,114,24,235454,43,4,4,61,22,1,99,5,3,1,7,1,1,2900
51,114,10,235454,43,20,20,47,60,19,9,5,3,2,4,5,1,18630
6,8,21,888,248,6,6,24,25,1,99,5,3,2,7,11,2,1227
51,114,13,235454,43,41,41,50,10,1,1,5,3,2,8,1,2,65324
51,114,20,235454,43,2,2,57,18,1,99,5,3,2,4,7,1,309
51,114,16,235454,43,1,1,53,14,1,99,5,3,2,2,1,1,1220
51,114,13,235454,43,41,41,50,10,1,1,5,3,1,2,1,2,17558
6,8,10,888,248,6,6,13,90,19,9,5,3,2,8,1,1,108000
51,114,17,235454,43,1,1,54,15,3,3,5,3,2,8,1,4,600
51,114,5,235454,43,18,19,42,20,19,9,5,3,2,9,1,1,399160
51,114,12,235454,43,51,51,49,90,19,9,5,3,1,5,3,1,76743
51,114,22,235454,43,12,12,59,20,1,99,5,3,1,5,3,1,24302
51,114,14,235454,43,26,26,51,12,1,1,5,3,1,5,1,2,40284
51,114,8,235454,43,32,32,45,50,10,1,5,3,2,4,7,1,0
51,114,8,235454,43,32,32,45,50,10,1,5,3,2,7,5,10,0
6,8,6,888,248,6,6,9,50,19,9,5,3,2,7,11,99,13952
51,114,27,235455,60,6,6,64,15,1,1,5,3,2,8,1,2,51326
6,8,6,888,248,6,6,9,50,19,9,5,3,2,8,1,4,600
51,114,19,235454,43,2,2,56,17,1,99,5,3,2,7,11,99,1107
6,8,8,888,248,6,6,11,60,19,9,5,3,2,2,3,1,3948
51,114,17,235454,43,1,1,54,15,3,3,5,3,2,2,1,1,7929
6,8,1,888,60,6,6,4,15,1,1,5,3,2,6,2,99,5835
51,114,13,235454,43,41,41,50,10,1,1,5,3,2,2,1,2,0
51,114,22,235454,43,12,12,59,20,1,99,5,3,2,2,1,2,1750
6,8,1,40624,60,6,6,27,15,1,1,5,3,2,8,1,1,528000
6,8,18,888,248,6,6,21,21,1,99,5,3,2,2,2,1,0
51,114,9,235454,43,19,19,46,50,60,1,5,3,2,4,2,1,202000
6,8,9,888,248,6,6,12,80,19,9,5,3,2,1,2,99,615
51,114,20,235454,43,2,2,57,18,1,99,5,3,1,6,1,4,0
6,8,11,888,248,6,6,14,10,1,99,5,3,2,2,1,1,3659
51,114,5,235454,43,18,19,42,20,19,9,5,3,1,99,1,99,11703
51,114,18,235454,43,38,40,55,16,1,99,5,3,2,8,1,2,48992
51,114,15,235454,43,10,10,52,13,1,1,5,3,1,99,1,99,1236
51,114,1,222334,152,40890,61303,38,15,1,99,5,3,2,7,10,1,0
51,114,26,235454,43,6,6,63,25,1,99,5,3,2,8,1,5,0
51,114,24,235454,43,4,4,61,22,1,99,5,3,1,3,1,1,18459
6,8,2,888,248,6,6,5,10,19,9,5,3,2,7,11,99,3419
51,114,5,235454,43,18,19,42,20,19,9,5,3,2,6,3,4,10551
51,114,6,235454,43,36,36,43,30,19,9,5,3,1,5,1,2,57620
6,8,13,888,248,6,6,16,13,1,99,5,3,2,7,11,5,0
51,114,8,235454,43,32,32,45,50,10,1,5,3,1,99,1,99,0
51,114,3,235453,152,0,0,40,15,1,1,5,3,1,1,1,1,16412
51,114,8,235454,43,32,32,45,50,10,1,5,3,1,5,3,1,83780
6,8,8,888,248,6,6,11,60,19,9,5,3,2,5,1,1,32400
6,8,19,888,248,6,6,22,22,1,99,5,3,2,2,3,1,920
51,114,24,235454,43,4,4,61,22,1,99,5,3,2,8,1,2,0
51,114,8,235454,43,32,32,45,50,10,1,5,3,2,6,3,99,30164
6,8,1,888,60,6,6,4,15,1,1,5,3,2,1,2,1,20800
6,8,14,888,248,6,6,17,16,1,99,5,3,2,6,3,99,0
6,8,6,888,248,6,6,9,50,19,9,5,3,2,2,1,1,1220
6,8,1,888,60,6,6,4,15,1,1,5,3,2,7,14,5,0
51,114,6,235454,43,36,36,43,30,19,9,5,3,2,6,3,3,6480
6,8,17,888,248,6,6,20,20,1,99,5,3,1,5,3,1,1145
51,114,16,235454,43,1,1,53,14,1,99,5,3,1,5,3,1,1505
51,114,7,235454,43,17,17,44,40,19,9,5,3,2,2,2,3,0
51,114,23,235454,43,61,61,60,21,1,99,5,3,2,7,5,8,0
6,8,9,888,248,6,6,12,80,19,9,5,3,2,6,3,99,0
6,8,1,888,60,6,6,4,15,1,1,5,3,1,5,3,1,219
6,8,2,888,248,6,6,5,10,19,9,5,3,2,1,2,1,267
6,8,3,888,248,6,6,6,20,19,9,5,3,2,8,1,2,2333
51,114,10,235454,43,20,20,47,60,19,9,5,3,1,2,1,1,0
51,114,15,235454,43,10,10,52,13,1,1,5,3,1,2,1,1,0
6,8,12,888,248,6,6,15,12,1,99,5,3,2,2,2,1,0
51,114,24,235454,43,4,4,61,22,1,99,5,3,1,6,1,4,0
51,114,9,235454,43,19,19,46,50,60,1,5,3,1,8,1,99,73
51,114,24,235454,43,4,4,61,22,1,99,5,3,1,5,3,1,6019
51,114,14,235454,43,26,26,51,12,1,1,5,3,1,5,3,1,64479
51,114,14,235454,43,26,26,51,12,1,1,5,3,2,9,1,1,698695
51,114,26,235454,43,6,6,63,25,1,99,5,3,1,6,1,1,0
6,8,17,888,248,0,0,20,20,1,99,6,6,3,2,3,3,0
6,8,15,888,248,0,0,18,17,1,99,5,3,2,2,1,2,440
6,8,12,888,248,0,0,15,12,1,99,5,3,2,4,7,1,843
51,114,25,235454,43,0,0,62,23,1,99,5,3,1,8,2,1,604
51,114,23,235454,43,0,0,60,21,1,99,5,3,1,2,1,2,25306
51,114,11,235454,43,0,0,48,80,19,9,5,3,1,5,4,1,36007
6,8,17,888,248,0,0,20,20,1,99,5,3,2,4,7,1,115
51,114,17,235454,43,0,0,54,15,3,3,5,3,1,8,2,1,151
51,114,2,235453,1,0,0,39,16,3,99,5,3,2,1,2,1,15000
6,8,17,888,248,0,0,20,20,1,99,5,3,2,6,2,99,161
51,114,22,235454,43,0,0,59,20,1,99,5,3,2,7,11,99,5474
51,114,18,235454,43,0,0,55,16,1,99,5,3,2,2,2,1,25108
6,11,1,53571,60,0,0,28,15,1,1,5,3,2,2,5,1,10941
6,8,19,888,248,0,0,22,22,1,99,5,3,2,4,7,1,4600
51,114,9,235454,43,0,0,46,50,60,1,5,3,1,5,3,2,3078
51,114,7,367087,96,0,0,35,16,8,2,6,5,2,2,1,99,180000
6,8,2,888,248,0,0,5,10,19,9,5,3,2,4,7,1,1533
51,114,10,235454,43,0,0,47,60,19,9,5,3,1,5,4,1,7202
51,114,5,235454,43,0,0,42,20,19,9,5,3,1,8,2,1,2871
51,114,4,235454,43,0,0,41,10,19,9,5,3,2,2,2,2,540
6,8,17,888,248,0,0,20,20,1,99,5,3,1,8,2,1,308
6,8,15,888,248,0,0,18,17,1,99,5,3,2,2,2,2,1196
51,114,26,235454,43,0,0,63,25,1,99,5,3,2,7,11,99,5158
51,114,26,235454,43,0,0,63,25,1,99,5,3,2,6,3,3,29702
51,114,26,235454,43,0,0,63,25,1,99,5,3,1,5,4,1,6622
51,114,26,235454,43,0,0,63,25,1,99,5,3,1,5,3,1,14236
51,114,24,235454,43,0,0,61,22,1,99,5,3,1,8,1,99,102
51,114,22,235454,43,0,0,59,20,1,99,5,3,1,8,1,2,133
51,114,18,235454,43,0,0,55,16,1,99,5,3,1,2,1,2,16622
51,114,13,235454,43,0,0,50,10,1,1,5,3,1,8,2,1,5893
51,114,19,235454,43,0,0,56,17,1,99,5,3,1,7,1,1,1450
6,8,9,888,248,0,0,12,80,19,9,5,3,2,2,2,2,1496
51,114,25,235454,43,0,0,62,23,1,99,5,3,1,5,3,2,1661
51,114,18,235454,43,0,0,55,16,1,99,5,3,1,8,2,1,5439
51,114,15,235454,43,0,0,52,13,1,1,5,3,1,3,1,2,599
51,114,11,235454,43,0,0,48,80,19,9,5,3,1,2,1,2,156779
6,11,1,53571,60,6,6,28,15,1,1,5,3,2,8,1,1,624000
51,114,1,222334,152,40890,61303,38,15,1,99,5,3,2,8,1,10,0
51,114,24,235454,43,4,4,61,22,1,99,5,3,2,8,1,1,0
6,8,4,888,248,6,6,7,30,19,9,5,3,1,1,1,1,1840
6,8,8,888,248,6,6,11,60,19,9,5,3,2,2,2,3,121346
51,114,8,235454,43,32,32,45,50,10,1,5,3,1,3,1,1,30462
51,114,9,235454,43,19,19,46,50,60,1,5,3,2,8,1,2,38407
51,114,22,235454,43,12,12,59,20,1,99,5,3,1,3,1,2,855
51,114,20,235454,43,2,2,57,18,1,99,5,3,1,7,1,1,1450
51,114,7,235454,43,17,17,44,40,19,9,5,3,2,8,1,1,504000
51,114,1,222334,152,40890,61303,38,15,1,99,5,3,2,1,2,2,148647
6,8,1,888,60,6,6,4,15,1,1,5,3,2,6,1,2,4377
51,114,5,235454,43,18,19,42,20,19,9,5,3,2,4,5,1,10222
51,114,9,235454,43,19,19,46,50,60,1,5,3,2,8,1,5,0
51,114,22,235454,43,12,12,59,20,1,99,5,3,2,4,5,1,6671
6,8,19,888,248,6,6,22,22,1,99,5,3,2,8,1,1,0
51,114,15,235454,43,10,10,52,13,1,1,5,3,2,2,2,3,20306
6,8,18,888,248,6,6,21,21,1,99,5,3,2,1,2,99,368
6,8,9,888,248,6,6,12,80,19,9,5,3,1,2,1,1,0
6,8,18,888,248,6,6,21,21,1,99,5,3,1,2,1,1,0
6,8,19,888,248,6,6,22,22,1,99,5,3,1,1,1,1,920
51,114,9,235454,43,19,19,46,50,60,1,5,3,2,4,7,1,133
6,8,1,888,60,6,6,4,15,1,1,5,3,2,7,5,8,0
51,114,8,235454,43,32,32,45,50,10,1,5,3,1,2,1,1,0
6,8,22,72183,60,6,6,25,15,1,1,5,3,2,8,1,1,336000
51,114,9,235454,43,19,19,46,50,60,1,5,3,2,6,3,2,10437
6,8,16,888,248,6,6,19,19,1,99,5,3,2,7,11,99,7191
51,114,23,235454,43,61,61,60,21,1,99,5,3,2,8,1,5,0
6,8,1,40624,60,6,6,27,15,1,1,5,3,2,8,1,10,0
51,114,17,235454,43,1,1,54,15,3,3,5,3,2,9,1,1,12101
51,114,16,235454,43,1,1,53,14,1,99,5,3,1,6,1,4,0
6,11,1,53571,60,6,6,28,15,1,1,5,3,2,1,2,2,5602
51,114,25,235454,43,4,4,62,23,1,99,5,3,2,7,11,2,0
51,114,25,235454,43,4,4,62,23,1,99,5,3,2,4,5,1,4645
51,114,18,235454,43,38,40,55,16,1,99,5,3,1,5,3,1,77471
6,8,17,888,248,6,6,20,20,1,99,5,3,2,1,2,2,4293
6,8,13,888,248,6,6,16,13,1,99,5,3,2,8,1,2,0
6,8,15,888,248,6,6,18,17,1,99,5,3,2,7,11,2,9582
51,114,6,235454,43,36,36,43,30,19,9,5,3,2,8,1,4,19800
51,114,17,235454,43,1,1,54,15,3,3,5,3,1,6,1,4,0
51,114,21,235454,43,9,9,58,19,1,99,5,3,2,6,3,3,1620
51,114,9,235454,43,19,19,46,50,60,1,5,3,1,3,1,1,41519
51,114,12,235454,43,51,51,49,90,19,9,5,3,1,3,1,3,43569
51,114,11,390720,96,0,0,66,10,6,4,6,5,2,2,1,99,0
6,8,18,888,248,6,6,21,21,1,99,5,3,2,8,1,1,168000
51,114,25,235454,43,4,4,62,23,1,99,5,3,2,8,1,1,108000
6,8,7,888,248,6,6,10,50,69,9,5,3,2,8,1,2,0
6,8,9,888,248,6,6,12,80,19,9,5,3,2,7,11,5,0
6,8,6,888,248,6,6,9,50,19,9,5,3,1,99,1,99,6927
6,8,23,88314,248,6,6,26,15,1,1,5,3,2,1,2,1,3907
51,114,20,235454,43,2,2,57,18,1,99,5,3,2,4,2,1,29000
6,8,11,888,248,6,6,14,10,1,99,5,3,1,5,3,1,2219
51,114,21,235454,43,9,9,58,19,1,99,5,3,1,5,1,2,13945
6,8,12,888,248,6,6,15,12,1,99,5,3,2,8,1,4,600
51,114,1,222334,152,40890,61303,38,15,1,99,5,3,2,8,1,2,11665
6,8,15,888,248,6,6,18,17,1,99,5,3,2,1,2,1,200
51,114,1,222334,152,40890,61303,38,15,1,99,5,3,2,7,11,5,0
51,114,6,235454,43,36,36,43,30,19,9,5,3,2,4,2,1,101000
51,114,22,235454,43,12,12,59,20,1,99,5,3,1,5,1,2,15494
6,8,10,888,248,6,6,13,90,19,9,5,3,1,5,3,1,3931
51,114,9,235454,43,19,19,46,50,60,1,5,3,1,5,1,2,29439
51,114,19,235454,43,2,2,56,17,1,99,5,3,2,9,1,1,24203
51,114,15,235454,43,10,10,52,13,1,1,5,3,1,6,1,4,0
6,8,2,888,248,6,6,5,10,19,9,5,3,2,2,2,1,0
6,8,17,888,248,6,6,20,20,1,99,5,3,2,7,11,99,15409
6,8,4,888,248,6,6,7,30,19,9,5,3,2,7,11,2,2300
51,114,16,235454,43,1,1,53,14,1,99,5,3,2,6,3,4,555
51,114,13,235454,43,41,41,50,10,1,1,5,3,2,6,3,4,21658
51,114,13,235454,43,41,41,50,10,1,1,5,3,2,7,11,2,0
6,8,9,888,248,6,6,12,80,19,9,5,3,2,7,13,98,0
6,7,1,17,60,6,6,3,15,1,1,5,3,2,8,1,4,4200
6,8,17,888,248,6,6,20,20,1,99,5,3,2,2,2,3,121346
6,8,12,888,248,6,6,15,12,1,99,5,3,2,8,1,5,0
51,114,19,417965,96,0,0,80,16,5,10,6,5,2,2,1,99,0
51,114,16,235454,43,1,1,53,14,1,99,5,3,2,7,11,99,329
51,114,23,235454,43,61,61,60,21,1,99,5,3,1,3,1,1,127882
6,8,2,888,248,6,6,5,10,19,9,5,3,2,2,2,3,121347
51,114,17,235454,43,1,1,54,15,3,3,5,3,2,8,1,1,36000
6,8,20,888,248,6,6,23,23,1,99,5,3,2,7,11,99,3170
51,114,18,235454,43,38,40,55,16,1,99,5,3,2,6,3,3,360
51,114,23,235454,43,61,61,60,21,1,99,5,3,2,4,5,1,47525
16,35,1,160798,86,11500,12429,1,15,1,1,5,3,2,7,11,5,43000
6,8,1,888,60,6,6,4,15,1,1,5,3,1,6,1,2,0
51,114,6,235454,43,36,36,43,30,19,9,5,3,2,2,1,1,175649
6,8,9,888,248,6,6,12,80,19,9,5,3,2,6,2,99,54
6,8,23,88314,248,6,6,26,15,1,1,5,3,2,8,1,10,0
6,8,20,888,248,6,6,23,23,1,99,5,3,2,2,2,1,0
6,8,6,888,248,6,6,9,50,19,9,5,3,2,1,2,1,300
6,8,19,888,248,6,6,22,22,1,99,5,3,1,2,1,1,0
6,8,12,888,248,6,6,15,12,1,99,5,3,2,7,11,2,18552
51,114,27,235455,60,6,6,64,15,1,1,5,3,2,8,1,1,2124000
51,114,12,235454,43,51,51,49,90,19,9,5,3,2,7,11,2,0
51,114,11,235454,43,63,63,48,80,19,9,5,3,2,9,1,1,1034836
51,114,11,235454,43,63,63,48,80,19,9,5,3,2,2,1,1,164171
6,8,11,888,248,6,6,14,10,1,99,5,3,2,6,3,99,0
51,114,8,235454,43,32,32,45,50,10,1,5,3,2,2,1,1,106999
51,114,4,235454,43,16,16,41,10,19,9,6,6,3,2,9,3,0
6,8,8,888,248,6,6,11,60,19,9,5,3,2,8,1,4,600
51,114,7,235454,43,17,17,44,40,19,9,5,3,1,7,1,1,12323
51,114,12,235454,43,51,51,49,90,19,9,5,3,1,5,1,2,79019
6,8,1,888,60,6,6,4,15,1,1,5,3,1,3,1,1,8100
51,114,12,235454,43,51,51,49,90,19,9,5,3,2,8,1,2,104985
51,114,26,235454,43,6,6,63,25,1,99,5,3,2,9,1,1,284385
6,8,5,888,248,6,6,8,40,19,9,5,3,1,5,3,1,1356
6,8,5,888,248,6,6,8,40,19,9,5,3,2,8,1,1,108000
6,8,7,888,248,6,6,10,50,69,9,5,3,2,8,1,1,0
6,8,17,888,248,6,6,20,20,1,99,5,3,2,8,1,4,600
51,114,7,235454,43,17,17,44,40,19,9,5,3,2,2,1,1,52817
6,8,16,888,248,6,6,19,19,1,99,5,3,1,5,1,2,1791
6,8,8,888,248,6,6,11,60,19,9,5,3,2,8,1,1,108000
6,8,4,888,248,6,6,7,30,19,9,5,3,2,2,2,1,0
51,114,9,235454,43,19,19,46,50,60,1,5,3,2,8,1,4,9900
6,8,9,888,248,6,6,12,80,19,9,5,3,1,99,1,99,5874
6,8,12,888,248,6,6,15,12,1,99,5,3,1,5,1,2,5036
6,8,13,888,248,6,6,16,13,1,99,5,3,2,6,3,99,4714
51,114,6,235454,43,36,36,43,30,19,9,5,3,2,4,5,1,23580
51,114,9,235454,43,19,19,46,50,60,1,5,3,2,8,1,10,0
51,114,10,235454,43,20,20,47,60,19,9,5,3,2,6,3,4,11107
51,114,12,235454,43,51,51,49,90,19,9,5,3,2,4,2,1,345300
51,114,13,235454,43,41,41,50,10,1,1,5,3,2,7,11,99,46194
6,8,4,888,248,6,6,7,30,19,9,5,3,2,8,1,4,1200
51,114,6,235454,43,36,36,43,30,19,9,5,3,2,8,1,5,0
51,114,16,235454,43,1,1,53,14,1,99,5,3,1,7,1,1,725
51,114,21,235454,43,9,9,58,19,1,99,5,3,1,7,1,1,6524
51,114,25,235454,43,4,4,62,23,1,99,5,3,2,6,3,99,4338
51,114,20,235454,43,2,2,57,18,1,99,5,3,2,7,11,2,0
51,114,14,235454,43,26,26,51,12,1,1,5,3,2,8,1,5,0
6,8,22,72183,60,6,6,25,15,1,1,5,3,2,8,1,10,0
51,114,13,235454,43,41,41,50,10,1,1,5,3,2,6,3,3,2580
6,8,13,888,248,6,6,16,13,1,99,5,3,2,7,11,2,7207
51,114,7,235454,43,17,17,44,40,19,9,5,3,2,6,3,99,13903
51,114,5,235454,43,18,19,42,20,19,9,5,3,2,8,1,2,30329
6,7,1,17,60,6,6,3,15,1,1,5,3,2,9,1,1,172568
51,114,22,235454,43,12,12,59,20,1,99,5,3,1,3,1,3,1860
51,114,1,222334,152,40890,61303,38,15,1,99,5,3,1,8,1,99,0
6,8,23,88314,248,6,6,26,15,1,1,5,3,2,9,1,1,497468
6,8,5,888,248,6,6,8,40,19,9,5,3,2,2,1,1,732
51,114,13,235454,43,41,41,50,10,1,1,5,3,1,99,1,99,751
51,114,11,235454,43,63,63,48,80,19,9,5,3,2,2,2,3,0
51,114,13,235454,43,41,41,50,10,1,1,5,3,1,6,1,4,0
51,114,15,235454,43,10,10,52,13,1,1,5,3,1,3,1,3,684
51,114,27,235455,60,6,6,64,15,1,1,5,3,2,7,5,10,4400
6,8,21,888,248,6,6,24,25,1,99,5,3,1,5,3,1,1491
51,114,19,235454,43,0,0,56,17,1,99,5,3,1,3,1,2,0
6,8,1,888,60,0,0,4,15,1,1,5,5,5,1,3,2,0
6,8,12,888,248,0,0,15,12,1,99,5,3,1,5,4,1,0
51,114,6,235454,43,0,0,43,30,19,9,5,3,1,2,1,1,0
51,114,17,235454,43,0,0,54,15,3,3,5,3,2,2,2,3,0
51,114,5,235454,43,0,0,42,20,19,9,5,3,1,5,3,2,2269
6,8,12,888,248,0,0,15,12,1,99,5,5,4,3,2,1,1850
51,114,27,235455,60,0,0,64,15,1,1,5,3,2,7,11,6,21882
51,114,18,235454,43,0,0,55,16,1,99,5,3,1,7,1,1,26097
51,114,16,235454,43,0,0,53,14,1,99,5,3,1,3,1,2,60
51,114,11,235454,43,0,0,48,80,19,9,5,3,1,5,3,2,12480
51,114,9,235454,43,0,0,46,50,60,1,5,3,1,2,1,2,8452
51,114,24,235454,43,0,0,61,22,1,99,5,3,1,8,1,2,80
51,114,10,235454,43,0,0,47,60,19,9,5,3,1,3,1,2,1497
6,8,13,888,248,0,0,16,13,1,99,5,3,2,6,3,4,860
6,8,13,888,248,0,0,16,13,1,99,5,3,2,6,2,99,115
51,114,4,235454,43,0,0,41,10,19,9,5,3,2,2,2,1,10280
51,114,5,367092,96,0,0,33,16,6,3,6,5,2,2,1,99,178000
51,114,3,367097,96,0,0,31,10,9,2,6,5,2,2,1,99,16672
51,114,15,235454,43,0,0,52,13,1,1,5,3,1,5,3,2,2299
51,114,13,235454,43,0,0,50,10,1,1,5,3,1,5,4,1,22323
51,114,9,235454,43,0,0,46,50,60,1,5,3,1,8,2,1,2871
51,114,16,235454,43,0,0,53,14,1,99,5,3,2,6,3,3,180
51,114,12,235454,43,0,0,49,90,19,9,5,3,1,8,2,1,7706
6,8,7,888,248,0,0,10,50,69,9,5,3,2,2,2,2,1496
51,114,11,235454,43,0,0,48,80,19,9,5,3,2,2,2,1,61804
51,114,4,235454,43,0,0,41,10,19,9,5,3,1,8,1,2,143
6,8,11,888,248,0,0,14,10,1,99,5,3,2,1,2,99,690
51,114,20,235454,43,0,0,57,18,1,99,5,3,1,5,3,2,495
51,114,19,235454,43,0,0,56,17,1,99,5,3,2,4,7,1,938
51,114,12,235454,43,0,0,49,90,19,9,5,3,1,8,1,2,224
51,114,14,395686,96,0,0,72,16,6,5,6,5,2,2,1,99,0
51,114,11,235454,43,63,63,48,80,19,9,5,3,1,2,1,1,0
51,114,10,235454,43,20,20,47,60,19,9,5,3,2,2,1,1,45498
6,8,14,888,248,6,6,17,16,1,99,5,3,2,2,1,2,1400
51,114,18,235454,43,38,40,55,16,1,99,5,3,1,6,1,1,0
6,8,2,888,248,6,6,5,10,19,9,5,3,2,8,1,1,96000
6,8,7,888,248,6,6,10,50,69,9,5,3,2,7,11,2,1917
51,114,14,235454,43,26,26,51,12,1,1,5,3,1,6,1,4,0
6,8,1,888,60,6,6,4,15,1,1,5,3,2,2,1,1,148017
51,114,24,235454,43,4,4,61,22,1,99,5,3,1,5,4,1,174
6,8,21,888,248,6,6,24,25,1,99,5,3,2,8,1,2,0
6,8,21,888,248,6,6,24,25,1,99,5,3,2,1,2,1,133
51,114,3,235453,152,0,0,40,15,1,1,5,3,2,1,2,1,332406
51,114,27,235455,60,6,6,64,15,1,1,5,3,2,7,5,2,55000
6,8,2,888,248,6,6,5,10,19,9,5,3,2,8,1,2,2333
51,114,12,235454,43,51,51,49,90,19,9,5,3,2,2,2,3,0
51,114,24,235454,43,4,4,61,22,1,99,5,3,2,8,1,4,0
6,8,8,888,248,6,6,11,60,19,9,5,3,2,6,3,99,0
51,114,23,235454,43,61,61,60,21,1,99,5,3,1,2,1,1,0
51,114,25,235454,43,4,4,62,23,1,99,5,3,1,2,1,2,3587
51,114,4,235454,43,16,16,41,10,19,9,5,3,2,7,11,99,7215
51,114,19,235454,43,2,2,56,17,1,99,5,3,2,6,3,99,2458
51,114,1,222334,152,40890,61303,38,15,1,99,5,3,2,5,1,4,16800
51,114,17,235454,43,1,1,54,15,3,3,5,3,1,2,1,2,308
6,8,13,888,248,6,6,16,13,1,99,5,3,2,8,1,1,0
51,114,11,235454,43,63,63,48,80,19,9,5,3,2,6,3,99,66160
6,8,6,888,248,6,6,9,50,19,9,5,3,1,5,3,1,1814
51,114,26,235454,43,6,6,63,25,1,99,5,3,2,7,11,2,0
51,114,18,235454,43,38,40,55,16,1,99,5,3,2,2,1,2,0
6,11,1,53571,60,6,6,28,15,1,1,5,3,2,5,1,99,26259
6,8,20,888,248,6,6,23,23,1,99,5,3,1,3,1,1,400
51,114,19,235454,43,2,2,56,17,1,99,5,3,2,4,5,1,751
51,114,10,235454,43,20,20,47,60,19,9,5,3,1,5,3,1,55019
6,8,22,72183,60,6,6,25,15,1,1,5,3,2,7,11,6,47413
51,114,13,235454,43,41,41,50,10,1,1,5,3,1,2,1,1,7802
51,114,8,235454,43,32,32,45,50,10,1,5,3,2,7,11,2,0
51,114,12,235454,43,51,51,49,90,19,9,5,3,1,8,1,99,287
6,8,1,888,60,6,6,4,15,1,1,5,3,1,99,1,99,16047
6,8,4,888,248,6,6,7,30,19,9,5,3,2,8,1,10,0
51,114,17,235454,43,1,1,54,15,3,3,5,3,1,3,1,1,1840
6,8,2,888,248,6,6,5,10,19,9,5,3,2,5,1,1,26500
6,8,4,888,248,6,6,7,30,19,9,5,3,2,1,2,2,1104
6,8,10,888,248,6,6,13,90,19,9,5,3,2,8,1,2,2333
6,8,5,888,248,6,6,8,40,19,9,5,3,2,2,2,3,121346
6,8,3,888,248,6,6,6,20,19,9,5,3,2,9,1,1,57035
51,114,19,235454,43,2,2,56,17,1,99,5,3,2,8,1,5,0
6,8,8,888,248,6,6,11,60,19,9,5,3,2,7,11,2,8816
51,114,17,235454,43,1,1,54,15,3,3,5,3,2,7,11,2,0
6,8,16,888,248,6,6,19,19,1,99,5,3,1,2,1,1,0
51,114,24,235454,43,4,4,61,22,1,99,5,3,2,8,1,5,0
51,114,13,235454,43,41,41,50,10,1,1,5,3,2,6,3,2,5871
6,8,12,888,248,6,6,15,12,1,99,5,3,2,9,1,1,85553
6,8,9,888,248,6,6,12,80,19,9,5,3,2,9,1,1,202384
51,114,1,222334,152,40890,61303,38,15,1,99,5,3,2,7,11,99,42930
6,8,21,888,248,6,6,24,25,1,99,5,3,1,5,1,2,2334
51,114,15,235454,43,10,10,52,13,1,1,5,3,2,6,3,99,13791
6,8,23,88314,248,6,6,26,15,1,1,5,3,2,8,1,5,0
51,114,6,235454,43,36,36,43,30,19,9,5,3,2,4,7,1,2452
51,114,6,235454,43,36,36,43,30,19,9,5,3,2,6,3,4,19992
51,114,19,235454,43,2,2,56,17,1,99,5,3,2,6,3,4,1111
6,8,18,888,248,6,6,21,21,1,99,5,3,2,2,2,3,121346
6,8,15,888,248,6,6,18,17,1,99,5,3,2,7,11,99,1303
51,114,22,235454,43,12,12,59,20,1,99,5,3,1,6,1,4,0
51,114,8,235454,43,32,32,45,50,10,1,5,3,1,8,1,99,122
6,8,2,888,248,6,6,5,10,19,9,5,3,1,99,1,99,767
6,8,9,888,248,6,6,12,80,19,9,5,3,1,1,1,1,1551
51,114,13,235454,43,41,41,50,10,1,1,5,3,2,8,1,1,1008000
6,8,18,888,248,6,6,21,21,1,99,5,3,2,6,3,99,0
51,114,20,235454,43,2,2,57,18,1,99,5,3,1,5,3,1,3010
6,8,16,888,248,6,6,19,19,1,99,5,3,2,1,2,99,299
6,8,7,888,248,6,6,10,50,69,9,5,3,2,2,2,1,0
6,8,5,888,248,6,6,8,40,19,9,5,3,2,1,2,99,613
6,8,9,888,248,6,6,12,80,19,9,5,3,2,1,2,2,874
51,114,13,235454,43,41,41,50,10,1,1,5,3,2,8,1,10,0
51,114,12,235454,43,51,51,49,90,19,9,5,3,1,2,1,2,68243
51,114,25,235454,43,4,4,62,23,1,99,5,3,1,7,1,1,2900
6,8,15,888,248,6,6,18,17,1,99,5,3,2,2,3,1,230
51,114,5,235454,43,18,19,42,20,19,9,5,3,1,3,1,1,47319
6,8,15,888,248,6,6,18,17,1,99,5,3,2,9,1,1,34037
6,8,20,888,248,6,6,23,23,1,99,5,3,2,7,11,2,1188
51,114,12,235454,43,51,51,49,90,19,9,5,3,2,8,1,10,0
6,8,3,888,248,6,6,6,20,19,9,5,3,1,1,1,1,613
6,8,11,888,248,6,6,14,10,1,99,5,3,2,6,1,2,230
51,114,4,235454,43,16,16,41,10,19,9,5,3,1,8,1,99,182
51,114,24,235454,43,4,4,61,22,1,99,5,3,2,9,1,1,206649
51,114,5,235454,43,18,19,42,20,19,9,5,3,1,7,1,1,13773
6,8,16,888,248,6,6,19,19,1,99,5,3,2,6,3,99,0
6,8,23,88314,248,6,6,26,15,1,1,5,3,2,5,1,99,173603
51,114,14,235454,43,26,26,51,12,1,1,5,3,1,3,1,1,45972
6,8,16,888,248,6,6,19,19,1,99,5,3,2,8,1,2,2333
6,8,8,888,248,6,6,11,60,19,9,5,3,2,1,2,1,767
6,8,5,888,248,6,6,8,40,19,9,5,3,2,1,2,2,414
51,114,18,235454,43,38,40,55,16,1,99,5,3,1,5,4,1,16146
6,8,21,888,248,6,6,24,25,1,99,5,3,1,99,1,99,2300
6,8,2,888,248,6,6,5,10,19,9,5,3,2,1,2,99,383
6,8,4,888,248,6,6,7,30,19,9,5,3,2,5,1,1,16800
51,114,16,235454,43,1,1,53,14,1,99,5,3,2,8,1,2,0
51,114,6,235454,43,36,36,43,30,19,9,5,3,2,2,2,3,14592
51,114,17,235454,43,1,1,54,15,3,3,5,3,1,3,1,2,105
51,114,23,235454,43,61,61,60,21,1,99,5,3,2,6,3,3,10980
6,8,20,888,248,6,6,23,23,1,99,5,3,2,1,2,99,843
51,114,18,235454,43,38,40,55,16,1,99,5,3,2,4,7,1,4399
51,114,27,235455,60,6,6,64,15,1,1,5,3,2,1,2,1,47827
51,114,4,235454,43,16,16,41,10,19,9,5,3,2,9,1,1,354018
6,8,9,888,248,6,6,12,80,19,9,5,3,1,5,3,1,1132
6,8,18,888,248,6,6,21,21,1,99,5,3,2,8,1,5,0
6,8,9,888,248,6,6,12,80,19,9,5,3,2,4,7,1,268
6,8,2,888,248,6,6,5,10,19,9,5,3,2,8,1,10,0
6,8,18,888,248,6,6,21,21,1,99,5,3,1,5,1,2,3533
51,114,1,25788,54,1,1,74,21,2,13,6,6,8,1,3,1,0
6,8,18,888,248,6,6,21,21,1,99,5,3,1,3,1,1,200
6,8,18,888,248,6,6,21,21,1,99,5,3,2,2,1,2,200
51,114,17,235454,43,1,1,54,15,3,3,5,3,2,6,3,2,0
6,8,1,888,60,6,6,4,15,1,1,5,3,2,4,7,1,20789
51,114,1,25788,54,1,1,71,21,7,1,6,6,8,1,3,1,0
51,114,6,235454,43,36,36,43,30,19,9,5,3,2,8,1,2,76989
6,8,19,888,248,6,6,22,22,1,99,5,3,2,2,1,2,200
6,8,4,888,248,6,6,7,30,19,9,5,3,1,99,1,99,9199
6,8,6,888,248,6,6,9,50,19,9,5,3,1,3,1,1,200
6,8,13,888,248,6,6,16,13,1,99,5,3,2,2,2,1,0
6,8,6,888,248,6,6,9,50,19,9,5,3,2,8,1,2,2333
6,8,6,888,248,6,6,9,50,19,9,5,3,2,6,1,2,199
6,8,21,888,248,6,6,24,25,1,99,5,3,2,8,1,4,0
6,8,12,888,248,6,6,15,12,1,99,5,3,2,6,3,99,0
6,8,21,888,248,6,6,24,25,1,99,5,3,1,3,1,1,599
51,114,20,235454,43,2,2,57,18,1,99,5,3,2,8,1,1,0
51,114,26,235454,43,6,6,63,25,1,99,5,3,2,8,1,2,4666
51,114,3,235453,152,0,0,40,15,1,1,5,3,2,7,11,5,0
6,8,1,40624,60,6,6,27,15,1,1,5,3,2,8,1,2,11665
6,8,7,888,248,6,6,10,50,69,9,5,3,2,2,1,2,700
51,114,19,235454,43,2,2,56,17,1,99,5,3,2,8,1,1,84000
51,114,14,235454,43,26,26,51,12,1,1,5,3,2,2,1,1,67247
6,8,20,888,248,6,6,23,23,1,99,5,3,2,1,2,1,350
6,8,8,888,248,6,6,11,60,19,9,5,3,2,7,11,99,6899
51,114,12,235454,43,51,51,49,90,19,9,5,3,1,6,1,4,0
51,114,20,235454,43,2,2,57,18,1,99,5,3,2,6,3,3,360
51,114,9,235454,43,19,19,46,50,60,1,5,3,2,6,3,99,40026
51,114,10,235454,43,20,20,47,60,19,9,5,3,2,8,1,4,10200
51,114,5,235454,43,18,19,42,20,19,9,5,3,1,6,1,4,0
6,8,1,40624,60,6,6,27,15,1,1,5,3,2,8,1,4,3000
6,7,1,17,60,6,6,3,15,1,1,5,3,2,1,2,2,10000
51,114,4,235454,43,16,16,41,10,19,9,5,3,2,2,1,1,15410
51,114,18,235454,43,38,40,55,16,1,99,5,3,1,3,1,1,239411
51,114,14,235454,43,26,26,51,12,1,1,5,3,2,6,3,99,23046
6,8,19,888,248,6,6,22,22,1,99,5,3,2,1,2,99,230
51,114,1,222334,152,40890,61303,38,15,1,99,5,3,1,5,1,2,3119
6,8,22,72183,60,6,6,25,15,1,1,5,3,2,1,2,1,8800
51,114,7,235454,43,17,17,44,40,19,9,5,3,2,4,2,1,321000
51,114,1,222334,152,40890,61303,38,15,1,99,5,3,2,7,11,2,1500
6,8,15,888,248,6,6,18,17,1,99,5,3,2,2,2,1,0
51,114,17,235454,43,1,1,54,15,3,3,5,3,1,7,1,1,725
51,114,14,235454,43,26,26,51,12,1,1,5,3,2,2,2,3,143380
6,8,14,888,248,6,6,17,16,1,99,5,3,2,2,3,1,920
51,114,4,235454,43,16,16,41,10,19,9,5,3,2,6,3,2,4904
51,114,4,235454,43,16,16,41,10,19,9,5,3,1,3,1,1,45355
51,114,24,235454,43,4,4,61,22,1,99,5,3,1,99,1,99,125
6,8,9,888,248,6,6,12,80,19,9,5,3,2,2,3,1,920
51,114,20,235454,43,0,0,57,18,1,99,5,3,2,2,2,1,0
51,114,4,235454,43,0,0,41,10,19,9,5,3,2,4,7,1,418
6,8,18,888,248,0,0,21,21,1,99,5,3,2,4,7,1,2300
6,8,4,888,248,0,0,7,30,19,9,5,3,1,2,1,1,764
51,114,5,235454,43,0,0,42,20,19,9,5,3,1,5,4,1,9043
51,114,4,235454,43,0,0,41,10,19,9,5,3,1,5,3,2,3784
51,114,23,235454,43,0,0,60,21,1,99,5,3,1,8,1,2,546
51,114,12,235454,43,0,0,49,90,19,9,5,3,1,5,3,2,10982
51,114,10,235454,43,0,0,47,60,19,9,5,3,2,2,1,2,720
51,114,6,235454,43,0,0,43,30,19,9,5,3,1,2,1,2,45339
51,114,3,235453,152,0,0,40,15,1,1,5,3,2,7,5,8,2761
6,8,12,888,248,0,0,15,12,1,99,5,3,2,6,2,99,92
51,114,26,235454,43,0,0,63,25,1,99,5,3,1,8,2,1,907
51,114,26,235454,43,0,0,63,25,1,99,5,3,1,5,3,2,618
51,114,22,235454,43,0,0,59,20,1,99,5,3,1,2,1,2,4935
51,114,21,235454,43,0,0,58,19,1,99,5,3,1,8,2,1,1360
51,114,3,235453,152,0,0,40,15,1,1,5,3,2,7,5,10,2356
6,8,14,888,248,0,0,17,16,1,99,5,3,2,4,7,1,3067
6,8,13,888,248,0,0,16,13,1,99,5,3,1,8,2,1,456
6,8,8,888,248,0,0,11,60,19,9,5,3,1,8,2,1,399
51,114,19,235454,43,0,0,56,17,1,99,5,3,1,8,2,1,302
51,114,8,235454,43,0,0,45,50,10,1,5,3,2,2,2,1,20520
51,114,22,235454,43,0,0,59,20,1,99,5,3,1,5,4,1,4348
6,8,11,888,248,0,0,14,10,1,99,5,3,1,7,1,1,192
6,8,8,888,248,6,6,11,60,19,9,5,3,2,2,1,1,610
51,114,23,235454,43,61,61,60,21,1,99,5,3,2,7,11,2,0
6,8,23,88314,248,6,6,26,15,1,1,5,3,2,8,1,2,13998
51,114,7,235454,43,17,17,44,40,19,9,5,3,2,8,1,2,32662
51,114,14,235454,43,26,26,51,12,1,1,5,3,1,3,1,3,4270
51,114,12,235454,43,51,51,49,90,19,9,5,3,2,7,11,99,68381
6,8,9,888,248,6,6,12,80,19,9,5,3,2,7,11,2,19406
51,114,18,235454,43,38,40,55,16,1,99,5,3,2,8,1,4,12600
6,8,22,72183,60,6,6,25,15,1,1,5,3,2,8,1,2,6999
51,114,1,222334,152,40890,61303,38,15,1,99,5,3,1,99,1,99,0
51,114,16,235454,43,1,1,53,14,1,99,5,3,2,8,1,10,0
6,8,18,888,248,6,6,21,21,1,99,5,3,2,8,1,10,0
6,8,17,888,248,6,6,20,20,1,99,5,3,2,1,2,1,4133
51,114,4,235454,43,16,16,41,10,19,9,5,3,1,3,1,2,2737
6,8,22,72183,60,6,6,25,15,1,1,5,3,1,2,1,1,0
6,11,1,53571,60,6,6,28,15,1,1,5,3,2,8,1,10,0
6,8,11,888,248,6,6,14,10,1,99,5,3,1,3,1,1,400
51,114,15,235454,43,10,10,52,13,1,1,5,3,2,8,1,2,16330
51,114,7,235454,43,17,17,44,40,19,9,5,3,1,99,1,99,2448
51,114,9,235454,43,19,19,46,50,60,1,5,3,1,3,1,3,2541
51,114,7,235454,43,17,17,44,40,19,9,5,3,2,9,1,1,301743
51,114,26,235454,43,6,6,63,25,1,99,5,3,1,99,1,99,0
6,8,21,888,248,6,6,24,25,1,99,5,3,2,1,2,99,613
6,8,1,888,60,6,6,4,15,1,1,5,3,2,7,5,10,0
6,8,3,888,248,6,6,6,20,19,9,5,3,2,1,2,99,460
51,114,6,235454,43,36,36,43,30,19,9,5,3,2,6,3,99,54020
51,114,1,222334,152,40890,61303,38,15,1,99,5,3,1,5,3,1,2121
51,114,6,235454,43,36,36,43,30,19,9,5,3,1,5,3,1,87868
51,114,20,235454,43,2,2,57,18,1,99,5,3,1,3,1,2,428
6,8,2,888,248,6,6,5,10,19,9,5,3,2,2,1,1,2074
6,8,10,888,248,6,6,13,90,19,9,5,3,2,7,11,2,21044
6,8,12,888,248,6,6,15,12,1,99,5,3,2,1,2,1,800
6,8,5,888,248,6,6,8,40,19,9,5,3,2,8,1,2,2333
51,114,17,235454,43,1,1,54,15,3,3,5,3,2,8,1,2,2333
51,114,15,235454,43,10,10,52,13,1,1,5,3,1,7,1,1,7974
51,114,14,235454,43,26,26,51,12,1,1,5,3,2,8,1,2,37328
6,8,18,888,248,6,6,21,21,1,99,5,3,1,5,3,1,4652
6,8,11,888,248,6,6,14,10,1,99,5,3,2,8,1,2,2333
51,114,22,235454,43,12,12,59,20,1,99,5,3,1,99,1,99,1491
6,8,15,888,248,6,6,18,17,1,99,5,3,2,8,1,4,1200
51,114,20,235454,43,2,2,57,18,1,99,5,3,1,3,1,1,4691
6,8,6,888,248,6,6,9,50,19,9,5,3,2,2,2,3,121346
51,114,9,235454,43,19,19,46,50,60,1,5,3,2,9,1,1,260182
6,8,1,888,60,6,6,4,15,1,1,5,3,2,1,2,99,10941
51,114,5,235454,43,18,19,42,20,19,9,5,3,2,6,3,99,22898
51,114,17,235454,43,1,1,54,15,3,3,5,3,2,4,5,1,659
6,8,11,888,248,6,6,14,10,1,99,5,3,2,7,11,99,16145
51,114,19,235454,43,2,2,56,17,1,99,5,3,1,3,1,1,10943
51,114,10,235454,43,20,20,47,60,19,9,5,3,2,4,7,1,526
51,114,6,235454,43,36,36,43,30,19,9,5,3,1,8,1,99,549
6,8,8,888,248,6,6,11,60,19,9,5,3,2,8,1,10,0
51,114,5,235454,43,18,19,42,20,19,9,5,3,1,2,1,1,0
51,114,25,235454,43,4,4,62,23,1,99,5,3,2,8,1,10,0
6,8,1,888,60,6,6,4,15,1,1,5,3,2,6,3,3,500
51,114,27,235455,60,6,6,64,15,1,1,5,3,2,7,14,98,0
6,8,6,888,248,6,6,9,50,19,9,5,3,2,5,1,1,24000
51,114,14,235454,43,26,26,51,12,1,1,5,3,1,99,1,99,44935
6,8,17,888,248,6,6,20,20,1,99,5,3,1,5,4,1,0
6,7,1,17,60,6,6,3,15,1,1,5,3,2,8,1,2,16331
6,8,11,888,248,6,6,14,10,1,99,5,3,2,8,1,5,0
51,114,21,235454,43,9,9,58,19,1,99,5,3,2,2,2,3,0
6,8,5,888,248,6,6,8,40,19,9,5,3,2,2,1,2,872
6,8,10,888,248,6,6,13,90,19,9,5,3,1,1,1,1,575
51,114,21,235454,43,9,9,58,19,1,99,5,3,2,4,2,1,66000
51,114,22,235454,43,12,12,59,20,1,99,5,3,2,2,2,3,128254
6,8,1,888,60,6,6,4,15,1,1,5,3,1,11,1,6,0
51,114,5,235454,43,18,19,42,20,19,9,5,3,2,6,3,2,8617
51,114,11,235454,43,63,63,48,80,19,9,5,3,1,3,1,3,8422
51,114,10,235454,43,20,20,47,60,19,9,5,3,1,6,1,4,0
51,114,5,235454,43,18,19,42,20,19,9,5,3,1,3,1,3,1560
51,114,4,235454,43,16,16,41,10,19,9,5,3,2,8,1,5,0
51,114,18,235454,43,38,40,55,16,1,99,5,3,2,8,1,10,0
6,8,12,888,248,6,6,15,12,1,99,5,3,1,5,3,1,1603
51,114,22,235454,43,12,12,59,20,1,99,5,3,2,4,2,1,84300
51,114,17,417289,96,0,0,77,10,5,7,6,5,2,2,1,99,0
6,8,14,888,248,6,6,17,16,1,99,5,3,2,7,11,2,30760
6,8,17,888,248,6,6,20,20,1,99,5,3,2,2,3,1,5749
6,8,3,888,248,6,6,6,20,19,9,5,3,2,7,11,99,2546
6,8,16,888,248,6,6,19,19,1,99,5,3,1,99,1,99,7973
6,8,3,888,248,6,6,6,20,19,9,5,3,2,2,2,1,0
51,114,12,235454,43,51,51,49,90,19,9,5,3,2,6,3,3,16320
51,114,22,235454,43,12,12,59,20,1,99,5,3,2,6,3,3,2880
6,8,15,888,248,6,6,18,17,1,99,5,3,2,1,2,2,675
51,114,12,235454,43,51,51,49,90,19,9,5,3,2,4,7,1,5149
6,8,11,888,248,6,6,14,10,1,99,5,3,1,5,1,2,2497
51,114,4,235454,43,16,16,41,10,19,9,5,3,2,6,3,4,7775
51,114,27,235455,60,6,6,64,15,1,1,5,3,2,7,5,8,4752
51,114,22,235454,43,12,12,59,20,1,99,5,3,2,4,7,1,543
51,114,7,235454,43,17,17,44,40,19,9,5,3,1,2,1,2,20710
51,114,19,235454,43,2,2,56,17,1,99,5,3,2,4,2,1,35621
51,114,21,235454,43,9,9,58,19,1,99,5,3,2,8,1,2,20997
51,114,7,235454,43,17,17,44,40,19,9,5,3,2,8,1,5,0
51,114,18,235454,43,38,40,55,16,1,99,5,3,1,3,1,2,8726
51,114,4,367094,96,0,0,32,12,6,6,6,5,2,2,1,99,406078
51,114,15,235454,43,10,10,52,13,1,1,5,3,2,2,1,1,35227
51,114,15,235454,43,10,10,52,13,1,1,5,3,1,5,1,2,18592
6,8,16,888,248,6,6,19,19,1,99,5,3,2,9,1,1,34037
51,114,9,235454,43,19,19,46,50,60,1,5,3,2,4,5,1,21118
6,8,14,888,248,6,6,17,16,1,99,5,3,2,8,1,1,354000
51,114,26,235454,43,6,6,63,25,1,99,5,3,2,3,1,2,12000
6,8,1,888,60,6,6,4,15,1,1,5,5,4,3,2,1,0
6,8,18,888,248,6,6,21,21,1,99,5,3,1,1,1,1,2039
51,114,9,235454,43,19,19,46,50,60,1,5,3,1,7,1,1,13773
6,8,10,888,248,6,6,13,90,19,9,5,3,2,8,1,4,600
6,8,19,888,248,6,6,22,22,1,99,5,3,2,7,11,2,4599
51,114,6,235454,43,36,36,43,30,19,9,5,3,2,7,11,2,0
6,8,7,888,248,6,6,10,50,69,9,5,3,1,1,1,1,460
51,114,27,235455,60,6,6,64,15,1,1,5,3,2,1,2,2,28898
51,114,11,235454,43,63,63,48,80,19,9,5,3,2,8,1,10,0
6,8,5,888,248,6,6,8,40,19,9,5,3,2,1,2,1,200
51,114,10,235454,43,20,20,47,60,19,9,5,3,1,3,1,3,2524
51,114,24,235454,43,4,4,61,22,1,99,5,3,2,4,5,1,3604
51,114,4,235454,43,16,16,41,10,19,9,5,3,2,8,1,4,7200
6,8,9,888,248,6,6,12,80,19,9,5,3,1,5,1,2,3814
6,8,19,888,248,6,6,22,22,1,99,5,3,1,99,1,99,1533
6,8,18,888,248,6,6,21,21,1,99,5,3,2,8,1,4,1200
51,114,8,235454,43,32,32,45,50,10,1,5,3,2,4,2,1,332000
6,8,13,888,248,6,6,16,13,1,99,5,3,1,5,1,2,11347
51,114,27,235455,60,6,6,64,15,1,1,5,3,2,8,1,5,0
6,8,3,888,248,6,6,6,20,19,9,5,3,2,2,1,2,200
6,11,1,53571,60,6,6,28,15,1,1,6,6,3,2,3,1,0
6,8,21,888,248,6,6,24,25,1,99,5,3,2,8,1,1,0
51,114,14,235454,43,26,26,51,12,1,1,6,6,3,2,9,3,0
51,114,4,235454,43,16,16,41,10,19,9,5,3,1,5,1,2,21692
6,8,2,888,248,6,6,5,10,19,9,5,3,2,2,3,1,1227
51,114,20,235454,43,2,2,57,18,1,99,5,3,2,6,3,2,8754
51,114,22,235454,43,12,12,59,20,1,99,5,3,2,6,3,99,27453
51,114,11,235454,43,63,63,48,80,19,9,5,3,2,7,11,2,0
51,114,10,235454,43,20,20,47,60,19,9,5,3,2,7,11,2,0
6,8,1,888,60,6,6,4,15,1,1,5,3,2,4,2,1,36471
51,114,11,235454,43,63,63,48,80,19,9,5,3,2,4,7,1,6851
6,8,13,888,248,6,6,16,13,1,99,5,3,2,1,2,99,6632
6,8,17,888,248,6,6,20,20,1,99,5,3,2,8,1,2,2333
6,8,12,888,248,6,6,15,12,1,99,5,3,2,1,2,99,1035
6,8,17,888,248,6,6,20,20,1,99,5,3,2,5,1,1,36000
51,114,19,235454,43,2,2,56,17,1,99,5,3,2,8,1,10,0
51,114,13,235454,43,41,41,50,10,1,1,5,3,2,4,7,1,7876
6,8,15,888,248,6,6,18,17,1,99,5,3,2,8,1,1,168000
51,114,3,235453,152,0,0,40,15,1,1,5,3,2,8,1,2,34995
51,114,15,235454,43,10,10,52,13,1,1,5,3,1,5,3,1,26036
6,8,5,888,248,6,6,8,40,19,9,5,3,2,2,2,1,0
6,8,6,888,248,6,6,9,50,19,9,5,3,2,2,1,2,1500
51,114,18,235454,43,38,40,55,16,1,99,5,3,2,6,3,2,39015
6,8,4,888,248,6,6,7,30,19,9,5,3,2,2,1,1,2196
51,114,25,235454,43,4,4,62,23,1,99,5,3,2,2,1,1,10734
6,8,19,888,248,6,6,22,22,1,99,5,3,2,8,1,10,0
6,7,1,17,60,0,0,3,15,1,1,5,3,2,7,14,98,0
51,114,1,25788,54,0,0,79,21,1,8,6,6,8,1,3,1,0
6,8,1,40624,60,0,0,27,15,1,1,5,3,2,7,5,8,0
51,114,24,235454,43,0,0,61,22,1,99,5,3,2,4,7,1,2380
51,114,12,235454,43,0,0,49,90,19,9,5,3,2,2,2,1,69530
6,8,21,888,248,0,0,24,25,1,99,5,3,1,8,2,1,56
51,114,23,235454,43,0,0,60,21,1,99,5,3,1,8,2,1,9217
51,114,23,235454,43,0,0,60,21,1,99,5,3,1,5,4,1,32037
51,114,21,235454,43,0,0,58,19,1,99,5,3,2,2,2,1,13520
51,114,11,235454,43,0,0,48,80,19,9,5,3,1,8,2,1,9518
51,114,6,235454,43,0,0,43,30,19,9,5,3,2,2,2,1,36696
51,114,6,235454,43,0,0,43,30,19,9,5,3,1,8,2,1,5439
6,8,3,888,248,0,0,6,20,19,9,5,3,1,8,2,1,629
51,114,24,235454,43,0,0,61,22,1,99,5,3,2,2,2,1,3863
51,114,7,235454,43,0,0,44,40,19,9,5,3,1,5,3,2,3846
6,8,12,888,248,0,0,15,12,1,99,5,3,1,8,2,1,5446
6,8,2,888,248,0,0,5,10,19,9,5,3,1,8,2,1,56
51,114,8,367090,96,0,0,36,16,8,4,6,5,2,2,1,99,130000
6,8,13,888,248,0,0,16,13,1,99,5,3,2,6,1,2,230
51,114,14,235454,43,0,0,51,12,1,1,5,3,2,2,2,1,13680
51,114,9,235454,43,0,0,46,50,60,1,5,3,1,8,1,2,85
51,114,7,235454,43,0,0,44,40,19,9,5,3,1,8,2,1,2569
51,114,22,235454,43,0,0,59,20,1,99,5,3,2,2,2,1,5794
51,114,15,235454,43,0,0,52,13,1,1,5,3,2,4,7,1,108
51,114,11,235454,43,0,0,48,80,19,9,5,3,1,7,1,1,45668
51,114,9,235454,43,0,0,46,50,60,1,5,3,2,2,2,1,13680
51,114,23,235454,43,61,61,60,21,1,99,5,3,1,5,1,2,94513
6,8,19,888,248,6,6,22,22,1,99,5,3,2,8,1,2,0
6,8,10,888,248,6,6,13,90,19,9,5,3,2,2,2,1,0
51,114,16,417291,96,0,0,76,10,7,2,6,5,2,2,1,99,0
51,114,12,235454,43,51,51,49,90,19,9,5,3,2,9,1,1,878532
51,114,3,235453,152,0,0,40,15,1,1,5,3,2,8,1,1,1614000
51,114,13,235454,43,41,41,50,10,1,1,5,3,2,8,1,4,16800
51,114,23,235454,43,61,61,60,21,1,99,5,3,2,6,3,2,43500
6,8,3,888,248,6,6,6,20,19,9,5,3,2,7,11,2,613
51,114,12,235454,43,51,51,49,90,19,9,5,3,2,8,1,1,1620000
6,8,11,888,248,6,6,14,10,1,99,5,3,2,8,1,10,0
6,8,19,888,248,6,6,22,22,1,99,5,3,1,5,3,1,3617
51,114,8,235454,43,32,32,45,50,10,1,5,3,1,5,1,2,49581
6,8,4,888,248,6,6,7,30,19,9,5,3,2,2,3,1,1840
6,8,10,888,248,6,6,13,90,19,9,5,3,1,5,1,2,4505
51,114,24,235454,43,4,4,61,22,1,99,5,3,2,6,3,99,5492
6,8,1,888,60,6,6,4,15,1,1,5,3,2,3,1,2,350500
6,8,1,40624,60,6,6,27,15,1,1,5,3,2,9,1,1,140050
6,8,5,888,248,6,6,8,40,19,9,5,3,1,1,1,1,383
6,8,14,888,248,6,6,17,16,1,99,5,3,2,8,1,2,9332
6,8,13,888,248,6,6,16,13,1,99,5,3,2,8,1,4,0
6,8,17,888,248,6,6,20,20,1,99,5,3,1,3,1,1,470
51,114,13,332638,96,0,0,68,16,1,7,6,5,2,2,1,99,0
6,8,16,888,248,6,6,19,19,1,99,5,3,2,1,2,2,1058
4,5,1,220270,60,6,6,2,15,1,1,5,3,2,9,1,1,551445
51,114,7,235454,43,17,17,44,40,19,9,5,3,2,8,1,4,8400
51,114,5,235454,43,18,19,42,20,19,9,5,3,1,5,3,1,46378
6,8,4,888,248,6,6,7,30,19,9,5,3,1,5,1,2,8057
51,114,12,235454,43,51,51,49,90,19,9,5,3,1,3,1,2,13088
6,8,4,888,248,6,6,7,30,19,9,5,3,2,8,1,1,168000
51,114,25,235454,43,4,4,62,23,1,99,5,3,1,6,1,4,0
51,114,18,235454,43,38,40,55,16,1,99,6,6,3,2,9,3,0
51,114,11,235454,43,63,63,48,80,19,9,5,3,2,7,11,99,45041
51,114,16,235454,43,1,1,53,14,1,99,5,3,1,99,1,99,0
6,8,4,888,248,6,6,7,30,19,9,5,3,2,1,2,1,533
6,8,17,888,248,6,6,20,20,1,99,5,3,2,6,3,99,0
51,114,15,235454,43,10,10,52,13,1,1,5,3,2,6,3,3,0
6,8,1,888,60,6,6,4,15,1,1,5,3,2,5,1,1,971753
51,114,21,235454,43,9,9,58,19,1,99,5,3,2,4,5,1,7942
51,114,5,235454,43,18,19,42,20,19,9,5,3,2,8,1,5,0
51,114,3,235453,152,0,0,40,15,1,1,5,3,2,8,1,5,0
6,8,15,888,248,6,6,18,17,1,99,5,3,1,5,3,1,165
6,8,8,888,248,6,6,11,60,19,9,5,3,2,8,1,2,2333
6,8,7,888,248,6,6,10,50,69,9,5,3,2,1,2,2,1150
51,114,23,235454,43,61,61,60,21,1,99,5,3,2,8,1,4,28200
6,8,10,888,248,6,6,13,90,19,9,5,3,1,99,1,99,2808
51,114,19,235454,43,2,2,56,17,1,99,5,3,2,2,1,1,2871
6,8,14,888,248,6,6,17,16,1,99,5,3,2,8,1,10,0
6,8,16,888,248,6,6,19,19,1,99,5,3,1,5,3,1,2090
6,8,8,888,248,6,6,11,60,19,9,5,3,2,9,1,1,79114
51,114,10,235454,43,20,20,47,60,19,9,5,3,2,4,2,1,96000
6,8,3,888,248,6,6,6,20,19,9,5,3,2,8,1,10,0
6,8,22,72183,60,6,6,25,15,1,1,5,3,2,4,7,1,0
6,8,1,888,60,6,6,4,15,1,1,5,3,2,2,2,2,4487
6,8,14,888,248,6,6,17,16,1,99,5,3,1,99,1,99,4140
51,114,13,235454,43,41,41,50,10,1,1,5,3,2,4,5,1,43250
6,8,1,888,60,6,6,4,15,1,1,5,3,1,6,1,1,0
51,114,8,235454,43,32,32,45,50,10,1,5,3,2,2,2,3,29996
51,114,10,235454,43,20,20,47,60,19,9,5,3,2,8,1,5,0
51,114,18,235454,43,38,40,55,16,1,99,5,3,2,8,1,1,828000
51,114,9,235454,43,19,19,46,50,60,1,5,3,2,2,2,3,32989
51,114,24,235454,43,4,4,61,22,1,99,5,3,2,2,2,3,0
6,8,8,888,248,6,6,11,60,19,9,5,3,1,3,1,1,726
6,8,14,888,248,6,6,17,16,1,99,5,3,2,5,1,1,52000
4,5,1,220270,60,6,6,2,15,1,1,5,3,2,7,5,2,0
6,8,12,888,248,6,6,15,12,1,99,5,3,2,7,11,5,0
51,114,4,235454,43,16,16,41,10,19,9,5,3,2,8,1,2,27996
51,114,12,235454,43,51,51,49,90,19,9,5,3,1,99,1,99,5443
51,114,23,235454,43,61,61,60,21,1,99,5,3,1,3,1,3,7706
51,114,9,235454,43,19,19,46,50,60,1,5,3,1,99,1,99,1944
6,8,13,888,248,6,6,16,13,1,99,5,3,2,5,1,4,0
6,11,1,53571,60,6,6,28,15,1,1,5,3,2,7,5,2,0
6,8,9,888,248,6,6,12,80,19,9,5,3,2,8,1,10,0
6,8,8,888,248,6,6,11,60,19,9,5,3,2,2,2,1,0
6,8,21,888,248,6,6,24,25,1,99,5,3,2,7,11,99,1533
6,11,1,53571,60,6,6,28,15,1,1,5,3,2,1,2,1,4000
51,114,26,235454,43,6,6,63,25,1,99,5,3,1,3,1,2,513
4,5,1,220270,60,6,6,2,15,1,1,5,3,2,8,1,2,13998
6,8,17,888,248,6,6,20,20,1,99,5,3,2,8,1,1,108000
6,8,3,888,248,6,6,6,20,19,9,5,3,2,6,2,99,153
6,8,20,888,248,6,6,23,23,1,99,5,3,1,5,3,1,1328
6,11,1,53571,60,6,6,28,15,1,1,5,3,2,8,1,5,0
6,8,16,888,248,6,6,19,19,1,99,5,3,2,2,2,3,121346
51,114,11,235454,43,63,63,48,80,19,9,5,3,1,3,1,1,672421
51,114,13,235454,43,41,41,50,10,1,1,5,3,1,3,1,2,0
51,114,25,235454,43,4,4,62,23,1,99,5,3,1,99,1,99,1359
6,8,1,888,60,6,6,4,15,1,1,5,3,2,2,2,3,681344
51,114,15,235454,43,10,10,52,13,1,1,5,3,2,8,1,1,252000
6,8,20,888,248,6,6,23,23,1,99,5,3,1,1,1,1,751
6,8,21,888,248,6,6,24,25,1,99,5,3,2,2,3,1,460
51,114,10,235454,43,20,20,47,60,19,9,5,3,2,9,1,1,392905
6,8,7,888,248,6,6,10,50,69,9,5,3,2,8,1,10,0
6,8,18,888,248,6,6,21,21,1,99,5,3,2,2,3,1,690
51,114,22,235454,43,12,12,59,20,1,99,5,3,1,3,1,1,24684
51,114,1,222334,152,40890,61303,38,15,1,99,5,3,2,8,1,4,3000
6,8,5,888,248,6,6,8,40,19,9,5,3,2,7,11,2,2300
51,114,22,235454,43,12,12,59,20,1,99,5,3,2,2,1,1,39150
6,7,1,17,60,6,6,3,15,1,1,5,3,2,7,11,99,66377
6,8,5,888,248,6,6,8,40,19,9,5,3,2,2,3,1,767
51,114,1,222334,152,40890,61303,38,15,1,99,5,3,1,8,2,1,2265
6,8,17,888,248,6,6,20,20,1,99,5,3,2,2,1,2,200
6,8,14,888,248,6,6,17,16,1,99,5,3,2,1,2,2,1073
51,114,21,235454,43,9,9,58,19,1,99,5,3,2,6,3,4,4998
6,8,19,888,248,6,6,22,22,1,99,5,3,1,3,1,1,400
51,114,23,235454,43,61,61,60,21,1,99,5,3,2,2,2,3,0
6,8,18,888,248,6,6,21,21,1,99,5,3,1,99,1,99,5829
51,114,24,235454,43,4,4,61,22,1,99,5,3,2,6,3,2,1309
6,8,1,40624,60,6,6,27,15,1,1,5,3,2,7,5,2,0
6,8,5,888,248,6,6,8,40,19,9,5,3,1,99,1,99,3291
51,114,11,235454,43,63,63,48,80,19,9,5,3,2,8,1,2,125982
51,114,7,235454,43,17,17,44,40,19,9,5,3,1,6,1,4,0
51,114,23,235454,43,61,61,60,21,1,99,5,3,2,7,5,2,0
6,8,12,888,248,6,6,15,12,1,99,5,3,2,2,1,2,200
51,114,10,235454,43,20,20,47,60,19,9,5,3,1,7,1,1,14498
51,114,17,235454,43,1,1,54,15,3,3,5,3,1,3,1,3,109
51,114,8,235454,43,32,32,45,50,10,1,5,3,1,7,1,1,23197
51,114,24,235454,43,4,4,61,22,1,99,5,3,2,8,1,10,0
51,114,22,235454,43,12,12,59,20,1,99,5,3,1,8,1,99,155
6,8,9,888,248,6,6,12,80,19,9,5,3,2,5,1,1,36000
6,8,1,40624,60,6,6,27,15,1,1,5,3,2,1,2,2,2101
6,8,10,888,248,6,6,13,90,19,9,5,3,2,2,3,1,4965
6,8,1,888,60,6,6,4,15,1,1,5,3,1,3,1,3,2658
51,114,21,235454,43,9,9,58,19,1,99,5,3,2,8,1,10,0
6,8,1,888,60,6,6,4,15,1,1,5,3,2,7,11,99,36107
6,8,13,888,248,6,6,16,13,1,99,5,3,1,1,1,1,1790
51,114,7,235454,43,17,17,44,40,19,9,5,3,1,3,1,3,4573
6,8,11,888,248,6,6,14,10,1,99,5,3,1,99,1,99,3833
51,114,8,235454,43,32,32,45,50,10,1,5,3,2,9,1,1,387248
6,11,1,53571,60,6,6,28,15,1,1,6,6,3,2,1,1,0
6,8,6,888,248,6,6,9,50,19,9,5,3,1,2,1,1,0
51,114,18,235454,43,38,40,55,16,1,99,5,3,2,8,1,5,0
51,114,24,235454,43,4,4,61,22,1,99,5,3,2,7,11,2,0
6,8,20,888,248,6,6,23,23,1,99,5,3,2,8,1,4,600
51,114,8,235454,43,32,32,45,50,10,1,5,3,2,8,1,5,0
51,114,24,235454,43,4,4,61,22,1,99,5,3,2,4,2,1,16000
51,114,1,25788,54,1,1,69,21,9,4,6,6,8,1,3,1,0
51,114,17,235454,43,1,1,54,15,3,3,5,3,2,6,3,99,5260
6,8,12,888,248,6,6,15,12,1,99,5,3,2,8,1,1,108000
51,114,14,235454,43,26,26,51,12,1,1,5,3,1,2,1,1,3692
51,114,8,235454,43,32,32,45,50,10,1,5,3,2,8,1,10,0
6,8,21,888,248,6,6,24,25,1,99,5,3,2,5,1,1,24000
6,8,8,888,248,6,6,11,60,19,9,5,3,2,2,1,2,200
6,11,1,53571,60,6,6,28,15,1,1,5,3,2,7,11,5,0
51,114,10,235454,43,20,20,47,60,19,9,5,3,2,8,1,2,39661
51,114,4,235454,43,16,16,41,10,19,9,5,3,2,2,1,2,0
6,8,3,888,248,6,6,6,20,19,9,5,3,1,3,1,1,333
6,8,8,888,248,6,6,11,60,19,9,5,3,2,8,1,5,0
6,7,1,17,60,6,6,3,15,1,1,5,3,2,1,2,1,10000
6,8,21,888,248,6,6,24,25,1,99,5,3,2,9,1,1,104871
51,114,22,235454,43,12,12,59,20,1,99,5,3,2,6,3,2,4403
51,114,21,235454,43,9,9,58,19,1,99,5,3,1,3,1,2,808
6,8,5,888,248,6,6,8,40,19,9,5,3,2,7,11,99,4861
51,114,6,235454,43,36,36,43,30,19,9,5,3,2,8,1,1,1188000
6,8,7,888,248,6,6,10,50,69,9,5,3,1,5,1,2,893
51,114,7,235454,43,17,17,44,40,19,9,5,3,1,3,1,1,42152
6,8,20,888,248,6,6,23,23,1,99,5,3,1,99,1,99,2223
6,8,14,888,248,6,6,17,16,1,99,5,3,2,2,1,1,9148
6,8,3,888,248,6,6,6,20,19,9,5,3,2,5,1,1,30000
51,114,7,235454,43,17,17,44,40,19,9,5,3,1,5,1,2,26340
51,114,12,235454,43,51,51,49,90,19,9,5,3,2,6,3,2,15300
6,8,21,888,248,6,6,24,25,1,99,5,3,2,1,2,2,1656
51,114,23,235454,43,61,61,60,21,1,99,5,3,2,8,1,2,109651
51,114,23,235454,43,61,61,60,21,1,99,5,3,2,9,1,1,1109681
51,114,25,235454,43,4,4,62,23,1,99,5,3,1,3,1,3,274
6,8,13,888,248,6,6,16,13,1,99,5,3,2,5,1,1,36000
6,8,14,888,248,6,6,17,16,1,99,5,3,2,2,2,1,14820
51,114,26,235454,43,6,6,63,25,1,99,5,3,1,5,1,2,9296
51,114,18,235454,43,38,40,55,16,1,99,5,3,2,9,1,1,1445624
6,8,22,72183,60,6,6,25,15,1,1,5,3,2,9,1,1,419492
51,114,13,235454,43,0,0,50,10,1,1,5,3,1,3,1,3,0
6,8,16,888,248,0,0,19,19,1,99,5,3,2,2,2,2,1496
51,114,21,235454,43,0,0,58,19,1,99,5,3,2,4,7,1,541
51,114,6,235454,43,0,0,43,30,19,9,5,3,1,8,1,2,1288
6,8,13,888,248,0,0,16,13,1,99,5,3,2,2,2,2,1496
51,114,12,235454,43,0,0,49,90,19,9,5,3,1,5,4,1,21277
51,114,13,235454,43,0,0,50,10,1,1,5,3,2,2,2,1,46352
51,114,6,235454,43,0,0,43,30,19,9,5,3,1,5,4,1,20526
6,8,21,888,248,0,0,24,25,1,99,5,3,2,3,1,2,14400
16,35,1,160798,86,0,0,1,15,1,1,5,3,1,8,2,1,2000
51,114,22,235454,43,0,0,59,20,1,99,5,3,2,2,2,2,3420
16,35,1,160798,86,0,0,1,15,1,1,5,3,2,1,2,2,1760
51,114,22,235454,43,0,0,59,20,1,99,5,3,1,8,2,1,1511
6,8,16,888,248,6,6,19,19,1,99,5,3,2,2,1,2,808
6,8,16,888,248,6,6,19,19,1,99,5,3,1,1,1,1,1572
51,114,26,235454,43,6,6,63,25,1,99,5,3,2,8,1,10,0
51,114,17,235454,43,1,1,54,15,3,3,5,3,2,6,3,3,0
6,8,6,888,248,6,6,9,50,19,9,5,3,2,8,1,10,0
51,114,22,235454,43,12,12,59,20,1,99,5,3,2,8,1,1,288000
51,114,20,235454,43,2,2,57,18,1,99,5,3,1,2,1,2,201
6,8,22,72183,60,6,6,25,15,1,1,5,3,2,5,1,3,0
51,114,26,235454,43,6,6,63,25,1,99,5,3,2,8,1,1,72000
51,114,1,222334,152,40890,61303,38,15,1,99,5,3,2,8,1,1,516000
6,8,18,888,248,6,6,21,21,1,99,5,3,2,7,11,99,9353
51,114,26,235454,43,6,6,63,25,1,99,5,3,2,2,2,3,12000
51,114,5,235454,43,18,19,42,20,19,9,5,3,2,8,1,4,7800
51,114,19,235454,43,2,2,56,17,1,99,5,3,2,6,3,2,5101
51,114,21,235454,43,9,9,58,19,1,99,5,3,2,8,1,4,5400
51,114,11,235454,43,63,63,48,80,19,9,5,3,2,6,3,4,34984
51,114,21,235454,43,9,9,58,19,1,99,5,3,2,7,11,99,5254
51,114,27,235455,60,6,6,64,15,1,1,5,3,2,9,1,1,1614945
51,114,25,235454,43,4,4,62,23,1,99,5,3,2,2,1,2,0
51,114,14,235454,43,26,26,51,12,1,1,5,3,2,2,1,2,600
6,8,9,888,248,6,6,12,80,19,9,5,3,2,6,1,2,205
6,8,12,888,248,6,6,15,12,1,99,5,3,2,2,1,1,976
6,8,3,888,248,6,6,6,20,19,9,5,3,2,1,2,1,300
51,114,17,235454,43,1,1,54,15,3,3,5,3,1,2,1,1,0
51,114,21,235454,43,9,9,58,19,1,99,5,3,2,2,1,2,0
6,8,22,72183,60,6,6,25,15,1,1,5,3,2,7,11,99,0
4,5,1,220270,60,6,6,2,15,1,1,5,3,2,7,5,10,0
51,114,17,235454,43,1,1,54,15,3,3,5,3,2,8,1,10,0
51,114,6,235454,43,36,36,43,30,19,9,5,3,2,8,1,10,0
51,114,15,235454,43,10,10,52,13,1,1,5,3,2,4,2,1,9000
6,8,7,888,248,6,6,10,50,69,9,5,3,2,2,2,3,121346
6,8,17,888,248,6,6,20,20,1,99,5,3,2,9,1,1,28518
51,114,21,235454,43,9,9,58,19,1,99,5,3,1,2,1,1,0
51,114,16,235454,43,1,1,53,14,1,99,5,3,2,9,1,1,42204
51,114,7,235454,43,17,17,44,40,19,9,5,3,1,2,1,1,0
6,8,21,888,248,6,6,24,25,1,99,5,3,2,6,1,2,230
51,114,7,235454,43,17,17,44,40,19,9,5,3,2,2,1,2,0
6,8,4,888,248,6,6,7,30,19,9,5,3,2,2,2,3,121347
51,114,6,235454,43,36,36,43,30,19,9,5,3,2,9,1,1,483771
51,114,8,235454,43,32,32,45,50,10,1,5,3,1,3,1,2,2737
51,114,14,235454,43,26,26,51,12,1,1,6,6,3,2,3,3,0
6,8,11,888,248,6,6,14,10,1,99,5,3,2,9,1,1,34037
51,114,24,235454,43,4,4,61,22,1,99,5,3,1,5,1,2,6198
6,8,3,888,248,6,6,6,20,19,9,5,3,1,5,3,1,1840
6,8,10,888,248,6,6,13,90,19,9,5,3,2,2,2,3,121346
6,8,15,888,248,6,6,18,17,1,99,5,3,1,1,1,1,414
6,8,14,888,248,6,6,17,16,1,99,5,3,2,1,2,1,400
6,8,4,888,248,6,6,7,30,19,9,5,3,2,9,1,1,98431
6,8,14,888,248,6,6,17,16,1,99,5,3,1,3,1,1,1199
51,114,20,235454,43,2,2,57,18,1,99,5,3,2,4,5,1,1001
51,114,11,235454,43,63,63,48,80,19,9,5,3,2,4,2,1,650330
51,114,14,235454,43,26,26,51,12,1,1,5,3,2,8,1,1,576000
51,114,4,235454,43,16,16,41,10,19,9,5,3,2,8,1,1,481611
51,114,4,235454,43,16,16,41,10,19,9,5,3,1,5,4,1,9980
51,114,7,235454,43,17,17,44,40,19,9,5,3,1,8,1,99,98
51,114,10,235454,43,20,20,47,60,19,9,5,3,2,8,1,10,0
51,114,15,235454,43,10,10,52,13,1,1,5,3,1,3,1,1,13625
6,8,5,888,248,6,6,8,40,19,9,5,3,2,6,3,99,0
6,8,1,888,60,6,6,4,15,1,1,5,3,2,7,5,2,0
6,8,1,888,60,6,6,4,15,1,1,5,3,2,8,1,10,0
51,114,26,235454,43,6,6,63,25,1,99,5,3,1,2,1,1,1565
51,114,20,235454,43,2,2,57,18,1,99,5,3,2,8,1,4,0
6,7,1,17,60,6,6,3,15,1,1,5,3,2,8,1,10,0
51,114,4,235454,43,16,16,41,10,19,9,5,3,1,6,1,4,0
6,8,6,888,248,6,6,9,50,19,9,5,3,2,8,1,1,108000
51,114,24,235454,43,4,4,61,22,1,99,5,3,2,2,1,2,0
51,114,22,235454,43,12,12,59,20,1,99,5,3,2,8,1,5,0
51,114,14,235454,43,26,26,51,12,1,1,5,3,1,6,1,1,0
6,8,18,888,248,6,6,21,21,1,99,5,3,2,2,1,1,1220
51,114,16,235454,43,1,1,53,14,1,99,5,3,2,8,1,1,0
6,8,1,888,60,6,6,4,15,1,1,5,3,2,8,1,2,87194
6,8,11,888,248,6,6,14,10,1,99,5,3,2,2,2,1,0
6,8,13,888,248,6,6,16,13,1,99,5,3,2,2,1,1,0
6,8,2,888,248,6,6,5,10,19,9,5,3,1,5,1,2,2877
6,8,3,888,248,6,6,6,20,19,9,5,3,1,5,1,2,2691
51,114,8,235454,43,32,32,45,50,10,1,5,3,2,8,1,4,18600
6,8,2,888,248,6,6,5,10,19,9,5,3,2,9,1,1,79114
6,8,11,888,248,6,6,14,10,1,99,5,3,2,5,1,1,36000
51,114,9,235454,43,19,19,46,50,60,1,5,3,2,2,1,1,83141
6,8,15,888,248,6,6,18,17,1,99,5,3,2,8,1,2,4666
6,8,13,888,248,6,6,16,13,1,99,5,3,1,5,3,1,1809
6,8,12,888,248,6,6,15,12,1,99,5,3,1,3,1,1,799
51,114,23,235454,43,61,61,60,21,1,99,5,3,1,5,3,1,113834
51,114,17,235454,43,1,1,54,15,3,3,5,3,1,5,3,1,1505
51,114,13,235454,43,41,41,50,10,1,1,5,3,2,2,1,1,86483
51,114,24,235454,43,4,4,61,22,1,99,5,3,1,3,1,2,0
51,114,10,235454,43,20,20,47,60,19,9,5,3,2,8,1,1,612000
6,8,21,888,248,6,6,24,25,1,99,5,3,1,1,1,1,230
6,8,23,88314,248,6,6,26,15,1,1,5,3,2,1,2,2,40381
51,114,23,235454,43,61,61,60,21,1,99,5,3,2,2,1,2,0
51,114,26,235454,43,6,6,63,25,1,99,5,3,1,7,1,1,4349
6,8,16,888,248,6,6,19,19,1,99,5,3,2,8,1,4,600
6,8,21,888,248,6,6,24,25,1,99,5,3,2,8,1,10,0
6,8,12,888,248,6,6,15,12,1,99,5,3,2,2,2,3,121346
51,114,5,235454,43,18,19,42,20,19,9,5,3,2,4,2,1,0
6,8,7,888,248,6,6,10,50,69,9,5,3,2,1,2,99,383
51,114,9,235454,43,19,19,46,50,60,1,5,3,1,2,1,1,0
6,11,1,53571,60,6,6,28,15,1,1,5,3,2,7,5,8,0
51,114,23,235454,43,61,61,60,21,1,99,5,3,2,2,2,1,54078
51,114,9,235454,43,19,19,46,50,60,1,5,3,2,7,11,2,0
6,8,5,888,248,6,6,8,40,19,9,5,3,2,9,1,1,36797
6,8,13,888,248,6,6,16,13,1,99,5,3,2,2,1,2,3572
51,114,17,235454,43,1,1,54,15,3,3,5,3,2,6,3,4,555
51,114,14,235454,43,26,26,51,12,1,1,5,3,1,8,1,99,149
51,114,6,235454,43,36,36,43,30,19,9,5,3,1,3,1,1,84564
51,114,6,367093,96,0,0,34,16,7,4,6,5,2,2,1,99,29000
6,8,1,888,60,6,6,4,15,1,1,6,6,3,2,1,2,0
6,8,1,888,60,6,6,4,15,1,1,5,3,2,6,3,4,18000
6,8,10,888,248,6,6,13,90,19,9,5,3,2,6,2,99,115
6,8,9,888,248,6,6,12,80,19,9,5,3,2,2,2,3,121346
6,8,1,888,60,6,6,4,15,1,1,5,3,2,8,1,1,2816373
51,114,12,235454,43,51,51,49,90,19,9,5,3,2,2,1,2,0
51,114,22,235454,43,12,12,59,20,1,99,5,3,2,7,11,2,0
51,114,5,235454,43,18,19,42,20,19,9,5,3,2,2,2,3,161556
51,114,18,235454,43,38,40,55,16,1,99,5,3,2,2,1,1,12430
51,114,24,235454,43,4,4,61,22,1,99,5,3,2,2,1,1,12283
6,8,16,888,248,6,6,19,19,1,99,5,3,2,2,2,1,7980
51,114,27,235455,60,6,6,64,15,1,1,5,5,4,1,2,1,0
51,114,4,235454,43,16,16,41,10,19,9,5,3,1,2,1,1,287
6,8,7,888,248,6,6,10,50,69,9,5,3,2,1,2,1,500
51,114,3,235453,152,0,0,40,15,1,1,5,3,1,7,1,1,15150
51,114,14,235454,43,26,26,51,12,1,1,5,3,2,8,1,4,9600
6,8,12,888,248,6,6,15,12,1,99,5,3,2,1,2,2,966
51,114,3,235453,152,0,0,40,15,1,1,5,3,2,8,1,4,9000
51,114,9,235454,43,19,19,46,50,60,1,5,3,2,8,1,1,592547
51,114,26,235454,43,6,6,63,25,1,99,5,3,1,3,1,1,21670
6,8,9,888,248,6,6,12,80,19,9,5,3,2,8,1,2,2333
51,114,18,235454,43,38,40,55,16,1,99,5,3,1,99,1,99,0
6,8,14,888,248,6,6,17,16,1,99,5,3,1,1,1,1,1150
6,8,12,888,248,6,6,15,12,1,99,5,3,2,8,1,2,2333
51,114,18,235454,43,38,40,55,16,1,99,5,3,2,4,5,1,60150
6,8,8,888,248,6,6,11,60,19,9,5,3,1,99,1,99,4204
6,8,9,888,248,6,6,12,80,19,9,5,3,2,2,1,1,976
51,114,1,222334,152,40890,61303,38,15,1,99,5,3,2,9,1,1,900580
6,8,1,888,60,6,6,4,15,1,1,5,3,1,5,1,2,100322
6,8,19,888,248,6,6,22,22,1,99,5,3,2,1,2,2,414
6,8,3,888,248,6,6,6,20,19,9,5,3,2,8,1,1,108000
6,8,14,888,248,6,6,17,16,1,99,5,3,2,3,1,2,88748
4,5,1,220270,60,6,6,2,15,1,1,5,3,2,1,2,1,2080
6,8,23,88314,248,6,6,26,15,1,1,5,3,1,5,1,1,0
6,8,2,888,248,6,6,5,10,19,9,5,3,2,6,3,99,0
51,114,7,235454,43,17,17,44,40,19,9,5,3,1,3,1,2,2181
4,5,1,220270,60,6,6,2,15,1,1,5,3,2,7,5,8,0
51,114,14,235454,43,26,26,51,12,1,1,5,3,1,3,1,2,26690
6,8,15,888,248,6,6,18,17,1,99,5,3,2,8,1,10,0
6,8,11,888,248,6,6,14,10,1,99,5,3,2,2,2,3,121346
51,114,14,235454,43,26,26,51,12,1,1,5,3,1,2,1,2,16435
6,8,11,888,248,6,6,14,10,1,99,5,3,2,2,1,2,3800
51,114,11,235454,43,63,63,48,80,19,9,5,3,2,6,3,3,12000
51,114,13,235454,43,41,41,50,10,1,1,5,3,1,5,1,2,60427
51,114,7,235454,43,17,17,44,40,19,9,5,3,2,8,1,10,0
51,114,13,235454,43,41,41,50,10,1,1,5,3,1,7,1,1,28271
51,114,4,235454,43,16,16,41,10,19,9,5,3,1,2,1,2,14305
6,8,10,888,248,6,6,13,90,19,9,5,3,2,1,2,2,3450
6,8,3,888,248,6,6,6,20,19,9,5,3,2,6,3,99,0
51,114,4,235454,43,16,16,41,10,19,9,5,3,2,7,11,2,0
51,114,11,235454,43,63,63,48,80,19,9,5,3,1,3,1,2,16168
51,114,11,235454,43,63,63,48,80,19,9,5,3,2,8,1,5,0
51,114,19,235454,43,2,2,56,17,1,99,5,3,1,5,3,1,3010
6,8,14,888,248,6,6,17,16,1,99,5,3,2,8,1,5,0
51,114,25,235454,43,4,4,62,23,1,99,5,3,2,6,3,3,540
51,114,6,235454,43,36,36,43,30,19,9,5,3,2,6,3,2,4890
6,8,16,888,248,6,6,19,19,1,99,5,3,1,3,1,1,250
51,114,13,235454,43,41,41,50,10,1,1,5,3,1,3,1,1,84722
6,8,7,888,248,6,6,10,50,69,9,5,3,1,5,3,1,1645
6,8,12,888,248,6,6,15,12,1,99,5,3,2,7,11,99,14067
6,8,13,888,248,6,6,16,13,1,99,5,3,1,99,1,99,11173
51,114,11,235454,43,63,63,48,80,19,9,5,3,2,2,1,2,0
51,114,3,235453,152,0,0,40,15,1,1,5,3,2,9,1,1,748390
51,114,21,235454,43,0,0,58,19,1,99,6,6,3,2,3,1,0
51,114,21,235454,43,0,0,58,19,1,99,6,6,3,2,1,1,0
51,114,1,788,213,0,0,75,21,1,8,6,6,8,1,2,1,0
51,114,1,222334,152,0,0,38,15,1,99,5,3,1,2,1,1,315
6,8,23,88314,248,0,0,26,15,1,1,5,3,1,5,1,2,10444
6,8,11,888,248,0,0,14,10,1,99,5,3,1,8,2,1,523
51,114,13,235454,43,0,0,50,10,1,1,5,3,1,8,1,2,161
51,114,6,235454,43,0,0,43,30,19,9,5,3,1,5,3,2,17968
51,114,4,235454,43,0,0,41,10,19,9,5,3,1,8,2,1,2115
6,8,16,888,248,0,0,19,19,1,99,5,3,2,6,3,3,180
51,114,25,235454,43,0,0,62,23,1,99,5,3,1,5,4,1,2853
51,114,16,235454,43,0,0,53,14,1,99,5,3,1,8,2,1,151
51,114,5,235454,43,0,0,42,20,19,9,5,3,1,8,1,2,170
6,8,9,888,248,0,0,12,80,19,9,5,3,1,8,2,1,320
6,8,5,888,248,0,0,8,40,19,9,5,3,2,2,2,2,2991
51,114,26,235454,43,0,0,63,25,1,99,5,3,1,8,1,2,99
51,114,24,235454,43,0,0,61,22,1,99,5,3,2,7,11,99,6844
51,114,14,235454,43,0,0,51,12,1,1,5,3,2,4,7,1,4039
51,114,26,235454,43,0,0,63,25,1,99,5,3,2,4,2,1,76000
51,114,25,235454,43,0,0,62,23,1,99,5,3,2,2,2,1,5794
51,114,23,235454,43,0,0,60,21,1,99,5,3,1,3,1,2,5389
51,114,20,235454,43,0,0,57,18,1,99,5,3,1,8,2,1,302
51,114,5,235454,43,0,0,42,20,19,9,5,3,2,2,2,1,21245
6,8,13,888,248,0,0,16,13,1,99,5,3,2,6,3,3,1620
51,114,3,235453,152,0,0,40,15,1,1,5,3,1,8,2,1,3384
6,8,1,888,60,0,0,4,15,1,1,5,3,2,4,6,1,18236
51,114,24,235454,43,0,0,61,22,1,99,5,3,1,5,3,2,1137
51,114,10,235454,43,0,0,47,60,19,9,5,3,1,99,1,3,940
51,114,8,235454,43,0,0,45,50,10,1,5,3,1,8,2,1,4835
51,114,8,235454,43,0,0,45,50,10,1,5,3,1,8,1,2,1962
51,114,6,235454,43,0,0,43,30,19,9,5,3,1,7,1,1,26097
51,114,2,235453,1,0,0,39,16,3,99,5,3,2,1,2,2,15373
51,114,9,367096,96,0,0,37,19,3,8,6,5,2,2,1,99,12112
6,8,14,888,248,0,0,17,16,1,99,5,3,2,2,2,2,1496
51,114,21,235454,43,0,0,58,19,1,99,5,3,1,2,1,2,12779
51,114,17,235454,43,0,0,54,15,3,3,5,3,2,4,7,1,180
51,114,3,235453,152,0,0,40,15,1,1,5,3,2,7,5,2,31447
51,114,19,235454,43,0,0,56,17,1,99,5,3,2,2,2,3,2250
51,114,9,235454,43,0,0,46,50,60,1,5,3,1,5,4,1,5569
